No.,Team,Date,Media,Headline,Journalist,Remark
1,팀카이,2026/07/01,IT동아,"[주간스타트업동향] 하이브마인드, 문체부 K-콘텐츠 AI 번역 국책 R&D 참여 外",김영우,
2,,2026/06/30,벤처스퀘어,"팀카이, 오픈AI 협업 프로그램 ‘열림’ 선정…AI 고객상담 플랫폼 고도화 나선다",이호림,
3,,2026/06/30,AI타임스,"[게시판] SKT, AI 영상 합성 기술로 글로벌 학회 논문 채택 등 단신",김해원,
4,,2026/06/30,데이터넷,"팀카이, 오픈AI 협업 프로그램 ‘열림’ 선정",강석오,
5,,2026/06/30,뉴스웍스,[#IT라운지] 팀카이 '오픈AI 열림에 선정'·미리디 '개발자 채용'·리디 'AX 혁신'·카카오 '법률 전자문서 서비스',문병도,
6,,2026/06/30,와우테일,"팀카이, 오픈AI 협업 프로그램 ‘열림’ 선정…최대 2억원 자금 확보",정명화,
7,,2026/06/30,머니투데이,"""AI로 CS 운영비 70% 절감""…팀카이, 오픈AI 협업 프로그램 선정",최태범,
8,,2026/06/30,유니콘팩토리,"""AI로 CS 운영비 70% 절감""…팀카이, 오픈AI 협업 프로그램 선정",최태범,
9,,2026/06/30,아이뉴스24,"고객 상담 AI 에이전트' 팀카이, 오픈AI 협업 프로그램 '열림' 선정",문영수,
10,,2026/06/30,디스커버리뉴스,"팀카이, 오픈AI 협업 프로그램 ‘열림’ 선정… AI 고객 상담 플랫폼 고도화 추진",정기환,
11,,2026/06/30,베타뉴스,"팀카이, 오픈AI 협업 프로그램 열림 선정",이승희,
12,,2026/06/30,한스경제,"팀카이, 오픈AI 협업 프로그램 선정",김종효,
13,,2026/06/30,테크42,[스타트업 안테나] 앰플리 시드 투자·오후두시랩 초격차 선정…그리팅 MCP·팀카이 열림·피처링 일본 확장,황정호,
14,,2026/06/30,스타트업레시피,"[AI서머리] 리벨리온, AI 최적화 기업 스퀴즈비츠 인수‧안전집사, ‘다지켜’ 서비스 론칭",이석원,
15,,2026/06/30,아시아경제,"팀카이, 오픈AI 협업 프로그램 '열림' 선정",김철현,
16,,2026/06/30,K스타트업밸리,"고객 상담 AI 에이전트 ‘팀카이’, 오픈AI 협업 프로그램 ‘열림’ 선정",Jo Kim,
17,커리어데이,2026/06/28,뉴스탭,"커리어데이, 신보 ‘리틀펭귄’ 선정…전문가 매칭 플랫폼 성장 속도",이준문,
18,,2026/06/26,AI타임스,"[게시판] 노타, 2분기 수주 61억으로 전년 2배 증가 등 단신",김해원,
19,,2026/06/26,지디넷코리아,"""더 크게""...커리어데이, 신용보증기금 ‘리틀펭귄’ 선정",백봉삼,
20,,2026/06/26,비석세스,"전문가 네트워크 플랫폼 ‘커리어데이’, 신보 ‘리틀펭귄’ 기업 선정…최대 15억 원 금융 보증 확보",NA,
21,,2026/06/26,와우테일,"커리어데이, 신보 ‘리틀펭귄’ 선정…최대 15억 원 금융 보증 지원",김태현,
22,,2026/06/26,머니투데이,AI로 전문가 찾는 커리어데이…신보 '리틀펭귄' 합류,송정현,
23,,2026/06/26,데이터넷,"전문가 네트워크 플랫폼 ‘커리어데이’, 신보 ‘리틀펭귄’ 선정",강석오,
24,,2026/06/26,한스경제,"커리어데이, 신보 리틀펭귄 선정…최대 15억 보증 지원",김종효,
25,,2026/06/26,유니콘팩토리,AI로 전문가 찾는 커리어데이…신보 '리틀펭귄' 합류,송정현,
26,,2026/06/26,아시아경제,"커리어데이, 신용보증기금 ‘리틀펭귄’ 선정",김철현,
27,,2026/06/26,뉴스웍스,[#IT라운지] 네이버-현대차 '파트너십'·카카오 '청소년 창업가 발굴'·알바천국 '천국의 시네마'·커리어데이 '리틀펭귄 선정'·네이버 'AI탭 출시'·알바천국 '천국의 시네마'·에어월렉스 '투자 유치',문병도,
28,,2026/06/26,디스커버리뉴스,"커리어데이, 신용보증기금 유망 창업기업 육성 프로그램 ‘리틀펭귄’ 선정",정기환,
29,,2026/06/26,스타트업레시피,"[AI서머리] 커리어데이, 신보 리틀펭귄 선정‧멘트리, MLC Japan Gateway 개최",이석원,
30,,2026/06/26,베타뉴스,"커리어데이, 신용보증기금 리틀펭귄 선정",이승희,
31,,2026/06/25,K스타트업밸리,"커리어데이, 신보 ‘리틀펭귄’ 선정… 최대 15억 금융 보증 확보",Jo Kim,
32,멈블,2026/06/08, IT동아,"[주간투자동향] 우나스텔라, 335억 원 규모 시리즈B 투자 유치 外",한만혁,
33,,2026/06/06,이데일리,[VC’s Pick]韓 민간 기업 최초 로켓 발사 성공…‘우나스텔라’ 투자 유치,박소영,
34,,2026/06/01,IT타임스,"스파크랩, 폐쇄형 SNS '멈블' 운영사 로브스터에 시드 투자",YoungHa Kim,
35,,2026/06/01,한국M&A경제신문,"스파크랩, 로브스터에 시드 투자∙∙∙피상적 SNS 저격할 ‘소셜 안전망’ 세운다",이용준,
36,,2026/06/01,비석세스,"스파크랩, AI 기반 프라이빗 메신저 ‘멈블’ 운영사 로브스터에 시드 투자",NA,
37,,2026/06/01,스타트업투데이,"스파크랩, AI 기반 폐쇄형 메신저 ‘멈블’ 운영사 로브스터에 시드 투자",김지민,
38,,2026/06/01,한스경제,"스파크랩, AI 소셜 메신저 멈블 운영사 로브스터에 시드 투자",김종효,
39,,2026/06/01,머니투데이,"""좋아요 경쟁 지쳤다""…'찐친 SNS' 멈블 운영사, 시드 투자 유치",송정현,
40,,2026/06/01,유니콘팩토리,"""좋아요 경쟁 지쳤다""…'찐친 SNS' 멈블 운영사, 시드 투자 유치",송정현,
41,,2026/06/01,디스커버리뉴스,"스파크랩, AI 소셜 메신저 ‘멈블’ 운영사 로브스터에 시드 투자",정기환,
42,,2026/06/01,데이터넷,"로브스터, 스파크랩 시드 투자 유치",강석오,
43,,2026/06/01,테크42,[스타트업 안테나] 이노버스·케이존·데브디 투자 유치…멈블 운영사·리콜미 출시도 주목,황정호,
44,,2026/06/01,와우테일,"토스 창업자 설립 프라이빗 메신저 ‘로브스터’, 스파크랩서 시드 투자 유치",정명화,
45,,2026/06/01,뉴스웍스,[#IT라운지] '네이버AI 쇼핑 에이전트' 업뎃·마리트 '베트남 공항 픽업'·'비글루 라이터스룸' 모집·멈블-유비파이 '투자유치'·조상원 '엠로 대표'·SDT-비바 'MOU'·메이크샵 '파트너센터 오픈'·'리스닝마인드.AI' 출시,문병도,
46,,2026/06/01,아시아경제,"스파크랩, AI 기반 메신저 '멈블' 운영사 로브스터에 시드 투자",최호경,
47,,2026/06/01,플래텀,"스파크랩, AI 프라이빗 소셜 메신저 ‘멈블’ 운영사 로브스터에 시드 투자",김문선,
48,,2026/06/01,베타뉴스,"스파크랩, AI 소셜 메신저 멈블 운영사 로브스터에 시드 투자 진행",이승희,
49,,2026/06/01,스타트업레시피,"[AI서머리] 로브스터, 시드 투자 유치‧마이리얼트립, 베트남 현지 서비스 대폭 강화",이석원,
50,,2026/05/31,K스타트업밸리,"스파크랩, AI 프라이빗 메신저 ‘멈블’ 운영사 로브스터에 시드 투자",Jo Kim,
51,쿠파,2026/05/18,IT타임스,"AI 핀테크 스타트업 쿠파, 신용보증기금 '리틀펭귄' 선정",YoungHa Kim,
52,,2026/05/17,베타뉴스,"쿠파, 신용보증기금 리틀펭귄 선정",이승희,
53,,2026/05/15,AI타임스,"[게시판] 원티드랩, 1분기 매출 89억원 등 단신",김혜원,
54,,2026/05/15,유니콘팩토리,"월가 출신이 만든 핀테크 스타트업 …쿠파, '리틀펭귄' 선정",송정현,
55,,2026/05/15,머니투데이,"월가 출신이 만든 핀테크 스타트업 …쿠파, '리틀펭귄' 선정",송정현,
56,,2026/05/15,스타트업레시피,"[AI서머리] 티알, 대웅제약·네이버 전략적 투자 유치 성공‧AI 직구 플랫폼 사줘, 美 서비스 개시",이석원,
57,,2026/05/15,벤처스퀘어,"쿠파, 신용보증기금 ‘리틀펭귄’ 선정… AI 네이티브 핀테크 성장성 인정",한혜선,
58,,2026/05/15,뉴스웍스,"[#IT라운지] 서울 '플라잉뷰 3D서비스'·쿠파 '신보 리틀펭귄'·카카오 '신작 웹툰'·한국딥러닝 'GS인증 1등급'·'렌즈 바이 더 SMC' 공개·다나와 ""PC 시장 반등""·여기어때 '싱가포르 할인'",문병도,
59,,2026/05/15,와우테일,"AI 네이티브 핀테크 ‘쿠파’, 신보 ‘리틀펭귄’ 선정",정명화,
60,,2026/05/15,데이터넷,"쿠파, 신보 ‘리틀펭귄’ 선정 ··· 금융 전문성·AI 기술 역량 호평",강석오,
61,,2026/05/15,디스커버리뉴스,"핀테크 스타트업 쿠파, 신용보증기금 ‘리틀펭귄’ 선정",정기환,
62,,2026/05/14,K스타트업밸리,"AI 핀테크 ‘쿠파’, 신용보증기금 ‘리틀펭귄’ 선정… 혁신 금융 인프라 가치 인정",Jo Kim,
63,임팩터스,2026/05/07,더퍼스트,공교육의 AI 길들이기…“첫 단추는 교사들 손으로”,최태욱,보도자료 기반 기획
64,,2026/05/07,벤처스퀘어,"“교사가 직접 만드는 AI 수업”…임팩터스·에크연, 공교육 실증 협력 본격화",이재희,
65,,2026/05/07,비석세스,"임팩터스-에듀테크교사연구회, 교사 참여형 AI 수업 플랫폼 공동개발 협약",NA,
66,,2026/05/07,한스경제,"임팩터스-에크연, 교사 참여형 에듀테크 협약",김종효,
67,,2026/05/07,베타뉴스,"임팩터스, 에듀테크교사연구회과 AI융합 수업 모델 개발",이승희,
68,,2026/05/07,디스커버리뉴스,"임팩터스-에듀테크교사연구회, AI 융합 수업 혁신 모델 공동 개발 착수",정석원,
69,,2026/05/07,스타트업레시피,"[AI서머리] 서울바이오허브, 1차 입주기업 모집‧업템포글로벌, 웹툰·영상 글로벌 콘텐츠 확장 박차",이석원,
70,"코스모스이펙트
페오펫",2026/04/17,한스경제,"‘페오펫’ 운영사 코스모스이펙트, 펫케어 기업 에스오엘코퍼레이션 인수",김종효,
71,,2026/04/17,비석세스,"코스모스이펙트, 펫케어 전문기업 ‘에스오엘코퍼레이션’ 인수…‘펫 라이프케어 슈퍼 앱’ 도약",NA,
72,,2026/04/17,스타트업투데이,"페오펫, 펫케어 전문 기업 ‘에스오엘코퍼레이션’ 인수∙∙∙펫 라이프케어 슈퍼 앱 도약",박수지,
73,,2026/04/17,이데일리,"코스모스이펙트, 펫케어 전문 기업 '에스오엘코퍼레이션' 인수",윤정훈,
74,,2026/04/17,디스커버리뉴스,"페오펫 운영사 코스모스이펙트, 펫케어 기업 에스오엘코퍼레이션 인수",정기환,
75,,2026/04/17,스포츠월드,펫 생애주기 멤버십 ‘페오펫’… 펫케어기업 인수하며 서비스 확대,박재림,
76,,2026/04/17,데이터넷,"페오펫 운영사 ‘코스모스이펙트’, 펫케어 전문 기업 ‘에스오엘코퍼레이션’ 인수",강석오,
77,,2026/04/17,와우테일,"코스모스이펙트, 펫케어 기업 ‘에스오엘코퍼레이션’ 인수",정명화,
78,,2026/04/17,벤처스퀘어,Cosmos Effect Acquires Pet Care Company… Expands Peopet Service,NA,영문 보도자료
79,,2026/04/17,벤처스퀘어,"코스모스이펙트, 펫케어 기업 인수…페오펫 서비스 확장",한혜선,
80,,2026/04/17,아시아경제,"코스모스이펙트, 펫케어 전문 기업 '에스오엘코퍼레이션' 인수",김철현,
81,,2026/04/17,플래텀,"페오펫 운영사 코스모스이펙트, 펫케어 기업 에스오엘코퍼레이션 인수…제품·전문가 네트워크 확장",김문선,
82,,2026/04/17,베타뉴스,"페오펫 운영사 코스모스이펙트, 에스오엘코퍼레이션 인수",이승희,
83,,2026/04/17,스타트업레시피,"[AI서머리] 아보엠디, 1천만 달러 투자 유치‧코스모스이펙트, 에스오엘코퍼레이션 인수",이석원,
84,,2026/04/16,K스타트업밸리,"“등록 데이터를 넘어 전문 케어 영역으로”... 페오펫, 에스오엘코퍼레이션 인수",Jo Kim,
85,에이보랩스,2026/04/20,IT동아,"[주간투자동향] 업스테이지, 1800억 원 규모 시리즈C 1차 투자 유치 外",한만혁,
86,,2026/04/18,이데일리,[VC’s Pick]1조 벽 넘은 ‘업스테이지’…국내 첫 AI 유니콘 등극,박소영,
87,,2026/04/14,데이터넷,"스파크랩, AI 기반 영어 교육 솔루션 운영사 ‘에이보랩스’에 투자",강석오,
88,,2026/04/14,스타트업투데이,"스파크랩, AI 기반 영어 교육 솔루션 운영사 '에이보랩스'에 투자",김지민,
89,,2026/04/14,벤처스퀘어,"스파크랩, AI 기반 영어 교육 솔루션 운영사 ‘에이보랩스(AvoLabs)’에 투자… 디지털 수업 전반 지원",한혜선,
90,,2026/04/14,한스경제,"스파크랩, AI 영어 교육 에이보랩스 투자",김종효,
91,,2026/04/14,비석세스,"글로벌 액셀러레이터 ‘스파크랩’, AI 영어 교육 솔루션 ‘에이보랩스’ 투자…에듀테크 포트폴리오 강화",NA,
92,,2026/04/14,뉴스웍스,[#에듀픽] YBM인강 '무한패스'·'아보링고' 투자유치·체더스 '노션 AI 솔루션 확산',문병도,
93,,2026/04/14,플래텀,"스파크랩, AI 영어 교육 솔루션 ‘아보링고’ 운영사 에이보랩스에 투자",김문선,
94,,2026/04/14,아이뉴스24,"스파크랩, AI 기반 영어 교육 솔루션 운영사 '에이보랩스'에 투자",문영수,
95,,2026/04/14,K스타트업밸리,"“교사는 가르치는 일에만 집중하세요”... 스파크랩, AI 에듀테크 ‘에이보랩스’ 투자",Jimmy Park,
96,,2026/04/14,디스커버리뉴스,"스파크랩, AI 영어 교육 솔루션 기업 ‘에이보랩스’ 투자 단행",정기환,
97,,2026/04/14,와우테일,"스파크랩, AI 기반 영어 교육 ‘에이보랩스’에 투자",정명화,
98,,2026/04/14,베타뉴스,"스파크랩, AI 기반 영어 교육 솔루션 운영사 에이보랩스에 투자",이승희,
99,,2026/04/14,아시아경제,"스파크랩, AI 영어 교육 솔루션 운영사 '에이보랩스'에 투자",김철현,
100,,2026/04/14,스타트업레시피,"[AI서머리] AI 영어 교육 ‘에이보랩스’ 투자 유치‧제주창경, 2026 시드머니 투자사업 참여사 모집",이석원,
101,커리어데이,2026/02/11,K스타트업밸리,"“금융 앱에서 커리어 수익을 쇼핑하다”... 커리어데이-토스, 긱 이코노미 접점 확대",Jo Kim,
102,,2026/02/11,뉴스탭,"커리어데이, 토스 미니앱 출시…전문가 ‘사이드잡’ 금융 플랫폼 안으로 확장",이준문,
103,,2026/02/11,이데일리,"토스 미니앱에서 내가 원하는 부업 찾고, 제안도 받는다",강민구,
104,,2026/02/11,세계비즈,"커리어데이, 토스 미니앱에 론칭…“사이드잡 간편하게 매칭”",이화연,
105,,2026/02/11,한스경제,"전문가 매칭 플랫폼 '커리어데이', 토스 미니앱에 론칭",김종효,
106,,2026/02/11,머니투데이,"커리어데이, 토스에 '사이드잡' 미니앱 출시… 전문가 부업 시장 선점",송정현,
107,,2026/02/11,와우테일,"전문가 매칭 ‘커리어데이’, 토스 미니앱 론칭…토스서 사이드잡 매칭",정명화,
108,,2026/02/11,유니콘팩토리,"커리어데이, 토스에 '사이드잡' 미니앱 출시… 전문가 부업 시장 선점",송정현,
109,,2026/02/11,데이터넷,"전문가 매칭 플랫폼 ‘커리어데이’, 토스 미니앱에 론칭",강석오,
110,,2026/02/11,비석세스,"전문가 매칭 플랫폼 ‘커리어데이’, 토스 미니앱에 론칭",NA,
111,,2026/02/11,지디넷코리아,"커리어데이 ""토스 미니앱에서 '사이드 잡' 잡으세요""",백봉삼,
112,,2026/02/11,게임포커스,"전문가 매칭 플랫폼 커리어데이, 토스 미니앱에 론칭",이혁진,
113,,2026/02/11,뉴스웍스,[#IT라운지] 펀진 'AI전투 참모·크몽 '흑전''·커리어데이 '토스 미니앱'·다큐브 '스파이더2.0 1위'·엠로 '홈피 리뉴얼'·'잡코 HR머니 리포트'·인터엑스에 '그리팅 공급'·'여기어때 비즈' 업뎃,문병도,
114,,2026/02/11,베타뉴스,"전문가 매칭 플랫폼 커리어데이, 토스 미니앱에 론칭",이승희,
115,,2026/02/11,스타트업레시피,"[AI서머리] 크몽, 2025년 영업이익 모두 흑자 전환‧다이버-비즈하우스, 기업 굿즈 제작 ‘맞손’",이석원,
116,,2026/02/11,디스커버리뉴스,"전문가 매칭 플랫폼 '커리어데이', 토스 미니앱에 론칭",정기환,
117,파이노버스랩,2026/01/13,IT타임스,"파이노버스랩, 개인사업자 특화 세금환급 서비스 '세모아' 출시",YoungHa Kim,
118,,2026/01/12,디지털투데이,[핀테크핫이슈] 알리페이의 글로벌 야심...케이뱅크 세번째 IPO 도전 탄력,황치규,
119,,2026/01/12,내외경제tv,"[UP! START] 파이노버스랩, 개인사업자 세무 고민 '세모아'에 맡겨봐",정도진,
120,,2026/01/12,벤처스퀘어,"파이노버스랩, 개인사업자 특화 세금환급 서비스 ‘세모아’ 출시",조광현,
121,,2026/01/12,디스커버리뉴스,"파이노버스랩, 개인사업자 특화 세금환급 서비스 '세모아' 출시",정기환,
122,,2026/01/12,AI타임스,"파이노버스랩, 개인사업자 특화 AI 세금환급 서비스 '세모아' 출시",김해원,
123,,2026/01/12,지디넷코리아,"파이노버스랩, 개인사업자 특화 세금환급 서비스 '세모아' 출시",안희정,
124,,2026/01/12,아이뉴스24,"파이노버스랩, 개인사업자 특화 세금환급 서비스 '세모아' 출시",문영수,
125,,2026/01/12,디지털투데이,"파이노버스랩, 개인사업자 특화 세금환급 서비스 '세모아' 출시",황치규,
126,,2026/01/12,아시아경제,"파이노버스랩, 개인사업자 특화 세금환급 서비스 '세모아' 출시",김철현,
127,,2026/01/12,플래텀,"파이노버스랩, 개인사업자 특화 세금환급 서비스 ‘세모아’ 출시",NA,
128,,2026/01/12,뉴스웍스,"파이노버스랩, 개인사업자 특화 세금환급 서비스 '세모아' 출시",문병도,
129,,2026/01/12,베타뉴스,"파이노버스랩, 개인사업자 특화 세금환급 서비스 세모아 출시",이승희,
130,,2026/01/12,스타트업레시피,"[AI서머리] 광주창경, 딥테크 창업기업 모집‧파이노버스랩, 개인사업자 세금환급 서비스 출시",이석원,
131,,2026/01/12,K스타트업밸리,"파이노버스랩, AI 기반 개인사업자 세금환급 서비스 ‘세모아’ 정식 출시",Jo Kim,
132,,2026/01/12,비석세스,"B2B 핀테크 기업 ‘파이노버스랩’, 개인사업자 특화 세금환급 서비스 ‘세모아’ 출시",NA,
133,데이터빈,2025/12/22,머니투데이,"공기냉각보다 전력사용 80%↓…韓 '액침냉각' 기술, 유럽 뚫는다",최태범,
134,,2025/12/22,디지털투데이,"데이터빈, 아일랜드 ‘럼클룬에너지’와 유럽 현지 AI 데이터센터 구축",황치규,
135,,2025/12/22,디스커버리뉴스,"‘스마트박스’ 제조사 데이터빈, 아일랜드 ‘럼클룬에너지’와 유럽 현지 AI 데이터센터 구축",정기환,
136,,2025/12/22,테크42,"‘스마트박스’ 제조사 데이터빈, 아일랜드 ‘럼클룬에너지’와 유럽 현지 AI 데이터센터 구축",황정호,
137,,2025/12/22,아이뉴스24,"스마트박스' 데이터빈, 아일랜드 럼클룬에너지와 유럽 현지 AI 데이터센터 구축",문영수,
138,,2025/12/22,아시아경제,"데이터빈, 아일랜드 ‘럼클룬에너지’와 유럽 현지 AI 데이터센터 구축",김철현,
139,,2025/12/22,데이터넷,"데이터빈, 아일랜드 ‘럼클룬에너지’와 AIDC 구축 협력",강석오,
140,,2025/12/22,스타트업레시피,"[AI서머리] 씨엔티테크, 로켓십 IR 데모데이 성료‧식당 사장님용 대화형 AI ‘레스토지니’ 출시",이석원,
141,,2025/12/22,베타뉴스,"스마트박스 제조사 데이터빈, 아일랜드 럼클룬에너지와 유럽 현지 AI 데이터센터 구축",이승희,
142,,2025/12/21,K스타트업밸리,"데이터빈, 아일랜드에 친환경 AI 데이터센터 구축… 액침냉각 ‘스마트박스’ 수출 ",Jo Kim,
143,슬로웨이브,2025/12/02,헬로티,"슬로웨이브, 세계 최소형급 무선 뇌파 측정기기 출시…수면 방해 없는 EEG 기술 구현",김재황,
144,,2025/12/01,한스경제,"슬로웨이브, 초소형 무선 뇌파 측정기기 '슬로웨이브 1.0' 출시",김종효,
145,,2025/12/01,벤처스퀘어,"뇌파 분석 전문기업 슬로웨이브, 초소형 무선 뇌파 측정기기 ‘슬로웨이브 1.0’ 출시",조광현,
146,,2025/12/01,머니투데이,"잠자다 뒤척여도 뇌파 측정 가능…슬로웨이브, '슬로웨이브 1.0' 출시",남미래,지면 게재
147,,2025/12/01,에이빙뉴스,"슬로웨이브, 초소형 무선 뇌파 측정기기 '슬로웨이브 1.0' 출시... “수면 방해 없이 뇌파 측정”",최예원,
148,,2025/12/01,뉴스웍스,[#헬스콕] 한미 '프로-캄 바디로션' 출시·윌로그 '바이오협회장상'·한독 '가족친화 선도 기업'·AI트릭스 '투자유치'·바이엘 'ESG 플리마켓' 개최·슬로웨이브 '무선 뇌파측정기'·대웅 '펙수클루 20㎎출시'·JNP '김유미 고문' 위촉,문병도,
149,,2025/12/01,디지틀조선일보,"수면 헬스테크, ‘측정–관리’로 확장…의료 기반 수면 관리 기술 확대",김정아,
150,,2025/12/01,아시아경제,"슬로웨이브, 초소형 무선 뇌파 측정기기 '슬로웨이브 1.0' 출시",김철현,
151,,2025/12/01,데이터넷,"슬로웨이브, 초소형 무선 뇌파 측정기기 출시",강석오,
152,,2025/12/01,디스커버리뉴스,"뇌파 분석 전문기업 슬로웨이브, 초소형 무선 뇌파 측정기기 '슬로웨이브 1.0' 출시",정기환,
153,,2025/12/01,플래텀,"슬로웨이브, 6g 초경량 무선 뇌파 측정기 ‘슬로웨이브 1.0’ 출시",NA,
154,,2025/12/01,베타뉴스,"뇌파 분석 전문기업 슬로웨이브, 초소형 무선 뇌파 측정기기 슬로웨이브 1.0 출시",이승희,
155,,2025/12/01,뉴스탭,"“6g 초소형 뇌파 센서”…슬로웨이브, 수면을 방해하지 않는 검사기기 출시",이준문,
156,,2025/12/01,K스타트업밸리,"슬로웨이브, 수면 방해 없는 초소형 무선 뇌파 측정기 '슬로웨이브 1.0' 정식 출시",Jo Kim,
157,,2025/12/01,스타트업레시피,"[AI서머리] 셀렉트스타, 55억 추가 투자 유치‧경기혁신센터, 딥테크 IP 금융 지원 강화",이석원,
158,,2025/12/01,뉴스탭,"“6g 초소형 뇌파 센서”…슬로웨이브, 수면을 방해하지 않는 검사기기 출시",이준문,
159,,2025/12/01,더바이오,"슬로웨이브, 초소형 무선 뇌파 측정기기 ‘슬로웨이브 1.0’ 정식 출시",지용준,
160,임팩터스,2025/09/24,IT동아,"[주간스타트업동향] 칼렛스토어, 종이 100% 단열재 '클라이머라이너' 국내 출시 外",김영우,
161,,2025/09/24,데이터넷,"임팩터스, AI 기반 학습·평가 지원 기술 특허 등록",강석오,
162,,2025/09/24,벤처스퀘어,"임팩터스 ‘AI 기반 디지털 학습·평가 방법 및 장치’, 특허 등록",강진희,
163,,2025/09/24,뉴스웍스,[#에듀픽] YBM 'K-EDU 경진대회'·임팩터스 '특허등록'·팀스파르타 '캠페인 영상'·'스픽 챌린지' 성료,문병도,
164,,2025/09/24,K스타트업밸리,"AI 교육 솔루션 임팩터스, 'AI 기반 디지털 학습·평가' 기술 특허 등록",Jo Kim,
165,,2025/09/24,아시아경제,"임팩터스, AI 기반 학습·평가 지원 기술 특허 등록",최호경,
166,,2025/09/24,베타뉴스,"에듀테크 스타트업 임팩터스, AI 기반 학습 평가 지원 기술 특허 등록",이승희,
167,,2025/09/24,스타트업레시피,"[AI서머리] 에이에스이티, 30억 프리A 브릿지 투자 유치‧런드리24, 신규 모바일 앱 출시",이석원,
168,이어가다,2025/09/21,한스경제,"이어가다, 오비고와 차량 오디오 콘텐츠 플랫폼 구축 업무협약 체결",김종효,
169,,2025/09/20,뉴스탭,"이어가다-오비고, 차량 오디오 콘텐츠 플랫폼 구축 위한 전략적 협력",박현수,
170,,2025/09/18,지디넷코리아,"이어가다-오비고, 차량 오디오 콘텐츠 플랫폼 구축 힘 모은다",백봉삼,
171,,2025/09/18,머니투데이,차에서 오디오 전문콘텐츠 즐긴다…인포테인먼트에 '나디오' 공급,최태범,
172,,2025/09/18,뉴스웍스,[#IT라운지] 이어가다-오비고 '업무협약'·카카오맵 '한강버스 위치 정보'·'UNGC 이사'된 최수연 대표,문병도,
173,,2025/09/18,플래텀,"나디오 운영사 이어가다, 오비고와 차량 오디오 콘텐츠 협력",NA,
174,,2025/09/18,K스타트업밸리,"이어가다, 오비고와 차량용 오디오 콘텐츠 플랫폼 구축 협력",Jo Kim,
175,,2025/09/18,벤처스퀘어,"이어가다, 오비고와 업무협약 체결",강진희,
176,,2025/09/18,베타뉴스,"이어가다, 오비고와 차량 오디오 콘텐츠 플랫폼 구축 위한 업무협약 체결",이승희,
177,,2025/09/18,데이터넷,"이어가다·오비고, 차량 오디오 콘텐츠 플랫폼 구축 맞손",강석오,
178,,2025/09/18,디스커버리뉴스,"이어가다, 오비고와 차량 오디오 콘텐츠 플랫폼 구축 위한 업무협약 체결",정기환,
179,,2025/09/18,스타트업투데이,"오디오 콘텐츠 플랫폼 ‘나디오’ 운영사 이어가다, SDV 서비스 플랫폼 전문기업 ‘오비고’와 맞손",한이서,
180,,2025/09/18,스타트업레시피,"[AI서머리] 이어가다, 오비고와 차량 오디오 콘텐츠 플랫폼 구축 협력‧카카오, AI 지역 거점 구축",이석원,
181,요쿠스,2025/08/21,지디넷코리아,"요쿠스, 니사이 러닝에 화상 솔루션 '비콜로' 공급",남혁우,
182,,2025/08/21,디스커버리뉴스,"영상 테크 기업 ‘요쿠스’, 글로벌 교육 기업 니사이 러닝에 화상 솔루션 ‘비콜로’ 공급",정기환,
183,,2025/08/21,베타뉴스,"요쿠스, 니사이 러닝에 화상 솔루션 비콜로 공급",이승희,
184,,2025/08/21,내외경제tv,"[UP! START] 요쿠스, 비콜로는 화상 회의도 1080p 화질",정동진,
185,,2025/08/21,뉴스탭,"요쿠스, 글로벌 교육기업 니사이 러닝과 화상 미팅 솔루션 ‘비콜로’ 공급 계약 체결",이준문,
186,,2025/08/21,플래텀,"요쿠스, 글로벌 교육기업 니사이 러닝에 화상 솔루션 ‘비콜로’ 공급",NA,
187,,2025/08/21,데이터넷,"요쿠스, 글로벌 교육 기업 니사이러닝에 화상 솔루션 ‘비콜로’ 공급",강석오,
188,,2025/08/21,뉴스웍스,"요쿠스, 니사이 러닝에 화상 솔루션 '비콜로' 공급",문병도,
189,,2025/08/21,바이라인네트워크,"요쿠스, 니사이러닝에 화상 솔루션 ‘비콜로’ 공급",이대호,
190,,2025/08/21,뉴스탭,"요쿠스, 글로벌 교육기업 니사이 러닝과 화상 미팅 솔루션 ‘비콜로’ 공급 계약 체결",이준문,
191,,2025/08/21,스타트업투데이,"영상 테크 기업 ‘요쿠스’, 글로벌 교육 기업 니사이 러닝에 화상 솔루션 ‘비콜로’ 공급",최슬기,
192,,2025/08/21,스타트업레시피,"[AI서머리] 아스타, 초개인화 마케팅 Agentic AI 공개‧부산창경, 스타트업 동남아 진출 교두보 마련",이석원,
193,슈타겐,2025/08/04,뉴스탭,"슈타겐, '딥테크 팁스' 패스트트랙 선정…AI 자율제조 솔루션 기술력 인정",김종혁,
194,,2025/08/04,AI타임스,"슈타겐, AI 로봇 자율제조로 중기부 '딥테크 팁스' 패스트트랙 선정",박수빈,
195,,2025/08/04,비석세스,"슈타겐, 딥테크 팁스 패스트트랙 선정…AI 자율제조 ‘메타라인’으로 18억 지원",NA,
196,,2025/08/04,K스타트업밸리,"슈타겐, 중기부 '딥테크 팁스' 패스트트랙 선정",Jo Kim,
197,,2025/08/04,와우테일,"AI 자율제조 ‘슈타겐’, 딥테크 팁스 선정",정명화,
198,,2025/08/04,스타트업레시피,"[AI서머리] 스텝하우‧짐워크, 팁스‧슈타겐, 딥테크 팁스 ‧글로벌펀드 운용사 13개 선정",이석원,
199,,2025/08/04,머니투데이,"AI 자율제조 솔루션 '슈타겐', 딥테크 팁스 패스트트랙 선정",남미래,
200,,2025/08/04,유니콘팩토리,"AI 자율제조 솔루션 '슈타겐', 딥테크 팁스 패스트트랙 선정",남미래,
201,,2025/08/04,데이터넷,"슈타겐, 중기부 ‘딥테크 팁스’ 패스트트랙 선정",강석오,
202,,2025/08/04,뉴스웍스,[#IT라운지] 카카오 '부트캠프 수료식'-'브런치북 출간'·슈타겐 '딥테크 팁스,문병도,
203,,2025/08/04,디스커버리뉴스,"AI 자율제조 솔루션 기업 '슈타겐', 중기부 '딥테크 팁스' 패스트트랙 선정",정기환,
204,,2025/08/04,이데일리,"AI 자율제조 스타트업 ‘슈타겐’, 중기부 ‘딥테크 팁스’ 패스트트랙 선정",김현아,
205,,2025/08/04,아이뉴스24,"AI 자율제조 솔루션 기업 슈타겐, 중기부 '딥테크 팁스' 패스트트랙 선정",문영수,
206,,2025/08/04,베타뉴스,"AI 자율제조 솔루션 기업 슈타겐, 중기부 딥테크 팁스 패스트트랙 선정",이승희,
207,쿠파,2025/07/26,뉴스탭,"쿠파, 중기부-마이크로소프트 ‘마중 프로그램’ 최종 선정…AI 금융 인프라 기술력 인정받아",이준문,
208,,2025/07/26,내외경제TV,"[UP! START] 쿠파, MS 버프 받고 글로벌 출격",정동진,
209,,2025/07/25,비석세스,"금융 분석 솔루션 옴니 운영사 ‘쿠파’, 중기부-마이크로소프트 ‘마중 프로그램’ 선정",NA,
210,,2025/07/25,AI타임스,"[게시판] 딥노이드, 뇌혈관 질환 AI 진단 연구 6편 ‘ESNR’서 채택 등 단신",장세민,
211,,2025/07/25,지디넷코리아,"[ZD SW 투데이] 쿠파, 중기부·MS '마중 프로그램' 선정",한정호,
212,,2025/07/25,헬로티,"[헬로티 HelloT] 쿠파, ‘마중 프로그램’ 선정...AI 금융 분석 솔루션 글로벌 진출 가속",서재창,
213,,2025/07/25,한경잡앤조이,"AI 금융 스타트업 ‘쿠파’, 중소벤처기업부-마이크로소프트 ‘마중 프로그램’ 선정",강홍민,
214,,2025/07/25,테크월드,"쿠파, 중기부-한국MS ‘마중 프로그램’ 최종 선정",양승갑,
215,,2025/07/25,데이터넷,"AI 금융 스타트업 '쿠파', 중기부·MS '마중 프로그램' 선정",강석오,
216,,2025/07/25,디지털투데이,"AI 금융 스타트업 ‘쿠파’, 중소벤처기업부-마이크로소프트 ‘마중 프로그램’ 선정",황치규,
217,,2025/07/25,디지털데일리,"쿠파, 중기부-한국MS '마중 프로그램' 최종 선정... ""AI 금융 분석·글로벌화 잠재력 고평가""",이건한,
218,,2025/07/25,베타뉴스,"AI 금융 스타트업 쿠파, 중소벤처기업부-마이크로소프트 마중 프로그램 선정",이승희,
219,,2025/07/25,아시아경제,"쿠파, 중기부와 한국MS 추진 '마중 프로그램' 선정",최호경,
220,,2025/07/25,디스커버리뉴스,"AI 금융 스타트업 ‘쿠파’, 중소벤처기업부-마이크로소프트 ‘마중 프로그램’ 선정",정기환,
221,,2025/07/25,스타트업투데이,"AI 금융 스타트업 ‘쿠파’, 중소벤처기업부-마이크로소프트 ‘마중 프로그램‘ 최종 선정",한이서,
222,,2025/07/25,스타트업레시피,"[AI서머리] 씨티알, 700억원 투자 유치‧대구창경, 전략기술 협업 밋업 성료",이석원,
223,,2025/07/25,테크42,"AI 금융 스타트업 ‘쿠파’, 중소벤처기업부-마이크로소프트 ‘마중 프로그램’ 선정",황정호,
224,,2025/07/25,K스타트업밸리,중기부-MS '마중 프로그램'에 AI 금융 '쿠파' 선정,Jo Kim,
225,쿠파,2025/07/19,뉴스탭,"쿠파-비욘드뮤직, AI 기반 음악 IP 분석 협력 체결…디지털 자산화 본격화",NA,
226,,2025/07/19,아이티타임스,"쿠파·비욘드뮤직, 음악 IP 가치 제고 위한 AI 인프라 구축 '맞손' ",김영하,
227,,2025/07/18,AI타임스,"[게시판] 혜움-유니포스트, AI 세무 회계 에이전트로 B2B사업 확대 외 단신",박수빈,
228,,2025/07/18,이뉴스투데이,"“AI 금융 기술, 음악 산업으로”···쿠파, 비욘드뮤직과 데이터 동맹",김진영,
229,,2025/07/18,내외경제TV,"[UP! START] 쿠파, AI에 음원을 더해 IP 비즈니스 본격화",정동진,
230,,2025/07/18,한스경제,"쿠파, 비욘드뮤직과 음악 IP 가치 제고 위한 AI 인프라 협력",김종효,
231,,2025/07/18,지디넷코리아,"쿠파-비욘드뮤직, 음악 IP 가치 높이는데 AI 인프라 협력키로",백봉삼,
232,,2025/07/18,데이터넷,"쿠파·비욘드뮤직, 음악 IP 데이터 분석·AI 인프라 구축 맞손",강석오,
233,,2025/07/18,게임포커스,"AI 금융 인프라 스타트업 쿠파, 비욘드뮤직과 음악 IP 가치 제고 위한 AI 인프라 협력 위한 업무협약 체결",이혁진,
234,,2025/07/18,아시아경제,"쿠파, 비욘드뮤직과 업무협약…음악 IP 데이터 분석·활용 본격화",최호경,
235,,2025/07/18,베타뉴스,"쿠파, 비욘드뮤직과 음악 IP 가치 제고 위한 AI 인프라 협력",이승희,
236,,2025/07/18,디스커버리뉴스,"쿠파, 비욘드뮤직과 음악 IP 가치 제고 위한 AI 인프라 협력",정기환,
237,,2025/07/18,한국M&A경제신문,"쿠파-비욘드뮤직, 음악 IP 데이터 분석 및 AI 인프라 구축 위해 MOU 체결",이용준,
238,,2025/07/18,스타트업투데이,"AI 금융 인프라 스타트업 쿠파, 비욘드뮤직과 음악 IP 가치 제고 위한 AI 인프라 협력",김지민,
239,,2025/07/18,스타트업레시피,"[AI서머리] 쿠파, 비욘드뮤직과 AI 음악 IP 가치 제고 협력‧신보, 코딧투게더 5기 출범",이석원,
240,커리어데이,2025/07/16,한스경제,"전문가 매칭 플랫폼 커리어데이, 중기부 ‘창업도약패키지’ 선정",김종효,
241,,2025/07/16,머니투데이,"2만6000명 전문가 매칭 플랫폼 '커리어데이', 창업도약패키지 선정",남미래,
242,,2025/07/16,디지털투데이,"전문가 매칭 플랫폼 ‘커리어데이’, 중기부 ‘창업도약패키지’ 선정",황치규,
243,,2025/07/16,데이터넷,"전문가 매칭 플랫폼 ‘커리어데이’, 중기부 ‘창업도약패키지’ 선정",강석오,
244,,2025/07/16,뉴스웍스,[#IT라운지] 네이버 '전자문서 고도화'·'브런치스토리 작가 멤버십' 출시·'사방넷 챗봇' 출시,문병도,
245,,2025/07/16,베타뉴스,"전문가 매칭 플랫폼 커리어데이, 중기부 창업도약패키지 선정",이승희,
246,,2025/07/16,아시아경제,"커리어데이, 중기부 '창업도약패키지' 최종 선정",최호경,
247,,2025/07/16,디스커버리뉴스,"전문가 매칭 플랫폼 ‘커리어데이’, 중기부 ‘창업도약패키지’ 선정",정기환,
248,,2025/07/16,플래텀,"전문가 매칭 플랫폼 ‘커리어데이’, 중기부 ‘창업도약패키지’ 선정",손요한,
249,,2025/07/16,K스타트업밸리,"커리어데이, 중기부 ‘창업도약패키지’ 선정",Jo Kim,
250,,2025/07/16,위런치,"전문가 매칭 플랫폼 ‘커리어데이’, 중기부 ‘창업도약패키지’ 최종 선정",NA,
251,,2025/07/16,스타트업레시피,"[AI서머리] 위브, 글로벌 딜러십 10개국 돌파‧에스엔바이오, 소세포폐암 신약 글로벌 임상 ‘탄력’",이석원,
252,이어가다,2025/07/17,뉴스탭,"이어가다, 5초 음성만으로 복제 가능한 ‘AI 보이스클로닝’ 서비스 출시",이준문,
253,,2025/07/14,벤처스퀘어,"이어가다, 개인 목소리 복제하는 ‘AI 보이스클로닝’ 출시",조광현,
254,,2025/07/14,디지털데일리,"이어가다, 5초 분량으로 음성 복제하는 'AI 보이스클로닝' 서비스 출시",이건한,
255,,2025/07/14,지디넷코리아,"이어가다 ‘나디오’, 개인 목소리 복제하는 'AI 보이스클로닝' 출시",백봉삼,
256,,2025/07/14,플래텀,"이어가다, 개인 목소리 복제하는 ‘AI 보이스클로닝’ 론칭",김문선,
257,,2025/07/14,AI타임스,"이어가다, '나디오'에 크리에이터용 AI 보이스클로닝 탑재",박수빈,
258,,2025/07/14,아이뉴스24,"이어가다, 개인 목소리 복제하는 'AI 보이스클로닝' 출시",문영수,
259,,2025/07/14,파이낸셜뉴스,"이어가다, 'AI 보이스클로닝' 서비스 출시.. 5초 만에 목소리 복제",구자윤,
260,,2025/07/14,디스커버리뉴스,"이어가다, 개인 목소리 복제하는 ‘AI 보이스클로닝’ 출시",정기환,
261,,2025/07/14,베타뉴스,"이어가다, 개인 목소리 복제하는 AI 보이스클로닝 출시",이승희,
262,,2025/07/14,K스타트업밸리,"나디오' 운영사, AI 보이스클로닝 서비스 출시로 오디오 콘텐츠 강화",Jo Kim,
263,,2025/07/14,테크42,"이어가다, 개인 목소리 복제하는 ‘AI 보이스 클로닝’ 출시",황정호,
264,,2025/07/14,스타트업레시피,"[AI서머리] 중소벤처기업 중동 진출 지원 사업 참가 기업 모집‧충남창경, 반도체 투자 밋업",이석원,
265,네론,2025/06/22,한스경제,"엣지 AI ‘네론’, 사우디 NTDP로부터 대규모 지원 보조금 확보",김종효,
266,,2025/06/20,뉴스탭,"네론, 사우디 ‘리로케이트’ 프로그램 선정…비지분형 지원금으로 중동 AI 거점 구축",이준문,
267,,2025/06/20,지디넷코리아,"네론, 사우디 국가사업 주역으로…중동이 선택한 AI기업",남혁우,
268,,2025/06/20,이데일리,"엣지 AI ‘네론’, 사우디 정부서 이전 지원금 선정...기술거점 구축예정",윤정훈,
269,,2025/06/20,테크42,"엣지 AI ‘네론’, 사우디아라비아 NTDP로부터 대규모 지원 보조금 확보",황정호,
270,,2025/06/20,디지털데일리,"네론, 사우디 리로케이트 선정... NPU 기반 중동 진출 본격화",이건한,
271,,2025/06/20,유니콘팩토리,"엣지 AI 컴퓨팅 기업 '네론', 사우디 국가기술개발프로그램 선정",남미래,
272,,2025/06/20,인공지능신문,"엣지 AI 플랫폼 ‘네론’, 사우디 NTDP로부터 대규모 지원 보조금 확보",박현진,
273,,2025/06/20,이뉴스투데이,"네론, 사우디 ‘리로케이트’ 선정···中企 최초 중동 AI 칩 거점 확보",김진영,
274,,2025/06/20,게임포커스,"엣지 AI ‘네론’, 사우디아라비아 NTDP로부터 대규모 지원 보조금 확보",이혁진,
275,,2025/06/20,머니투데이,"엣지 AI 컴퓨팅 기업 '네론', 사우디 국가기술개발프로그램 선정",남미래,
276,,2025/06/20,스타트업레시피,"[AI서머리] 네론, 사우디 NTDP로부터 대규모 지원 확보‧뉴빌리티, 현대벤디스와 산업단지 로봇 배달 상용화",이석원,
277,,2025/06/20,뉴스웍스,[#IT라운지] 네이버 지도 '업뎃'·잡코 '리스펙트 인터뷰이 모집'·네론 '사우디 리로케이트 선정',문병도,
278,,2025/06/20,아시아경제,"스파크랩 ""네론, 사우디 정부 보조금 확보""",최호경,
279,,2025/06/20,데이터넷,"엣지 AI ‘네론’, 사우디 NTDP ‘리로케이트’ 참여 ··· 대규모 지원 보조금 확보",강석오,
280,,2025/06/20,베타뉴스,"엣지 AI 네론, 사우디아라비아 NTDP로부터 비지분형 지원 보조금 확보",이승희,
281,,2025/06/20,디스커버리뉴스,"엣지 AI ‘네론’, 사우디아라비아 NTDP로부터 대규모 지원 보조금 확보",정기환,
282,에이비제트,2025/05/21,IT동아,"[주간스타트업동향] 신성바이오팜, ‘혁신 프리미어 1000’ 선정 外
",김영우,
283,,2025/05/20,한경잡앤조이,"에이비제트, 쿠팡파트너스와 소셜미디어 수익화 전략 웨비나 개최",강홍민,
284,,2025/05/20,데이터넷,"에이비제트·쿠팡파트너스, 소셜미디어 수익화 전략 웨비나 개최",강석오,
285,,2025/05/20,테크42,"에이비제트, 쿠팡파트너스와 소셜미디어 수익화 전략 웨비나 개최",황정호,
286,,2025/05/20,한스경제,"에이비제트, 쿠팡파트너스와 소셜미디어 수익화 전략 웨비나",김종효,
287,,2025/05/20,세계비즈,"에이비제트, 쿠팡파트너스와 소셜미디어 수익화 전략 웨비나 개최",이정인,
288,,2025/05/20,지디넷코리아,"에이비제트, 쿠팡파트너스와 '소셜미디어 수익화 전략' 알려준다",백봉삼,
289,,2025/05/20,스타트업레시피,"[AI서머리] ‘2025년 G-콘텐츠 스타트업 액셀러레이팅’ 참여기업 모집‧오르조, 성인 교육 시장 본격 진출",이석원,
290,,2025/05/20,베타뉴스,"에이비제트, 쿠팡파트너스와 소셜미디어 수익화 전략 웨비나 개최",이승희,
291,,2025/05/20,디스커버리뉴스,"에이비제트, 쿠팡파트너스와 소셜미디어 수익화 전략 웨비나 개최",정기환,
292,슬로웨이브,2025/05/19,머니투데이,"글로벌 노리는 뇌파 분석 기술…슬로웨이브, GMP·CB 인증 획득",최태범,
293,,2025/05/19,벤처스퀘어,"슬로웨이브, 뇌파 분석 의료기기 GMP·제품 안정성 국제 인증 동시 획득",조광현,
294,,2025/05/19,헬로티,"슬로웨이브, 뇌파 분석 의료기기 GMP·국제 안전 인증 동시 획득",김재황,
295,,2025/05/19,테크월드,"슬로웨이브, 뇌파 분석 의료기기 GMP·제품 안정성 국제 인증 동시 획득",김승훈,
296,,2025/05/19,K스타트업밸리,"슬로웨이브, 뇌파 의료기기 GMP·국제 안전 인증",Jo Kim,
297,,2025/05/19,더바이오,"슬로웨이브, '뇌파 분석 의료기기' GMP·제품 안전성 국제 인증 동시 획득",유수인,
298,,2025/05/19,에이빙뉴스,"슬로웨이브, 뇌파 분석 의료기기 GMP·제품 안정성 국제 인증 동시 획득… 임상시험·글로벌 진출에 박차",최상운,
299,,2025/05/19,데이터넷,"슬로웨이브, 뇌파 분석 의료기기 GMP·제품 안정성 국제 인증 동시 획득",강석오,
300,,2025/05/19,뉴스웍스,[#헬스콕] 한미-MSD '협력'·슬로웨이브 'GMP인증'·아일로 모델 '아이린'·지오영 '스마트 허브센터 방문',문병도,
301,,2025/05/19,바이오타임즈,"슬로웨이브 ‘뇌파 분석 의료기기’, GMP 및 제품 안정성 국제 인증 동시 획득",김지수,
302,,2025/05/19,스타트업레시피,"[AI서머리] 슬로웨이브, 뇌파 분석 의료기기 국제 인증 획득‧라이언로켓, 캐릭터 시각화 서비스 ‘젠버스 라이트’ 출시",이석원,
303,,2025/05/19,베타뉴스,"슬로웨이브, 뇌파 분석 의료기기 GMP 및 제품 안정성 국제 인증 획득",이승희,
304,,2025/05/19,디스커버리뉴스,"슬로웨이브, 뇌파 분석 기기 GMP•제품 안정성 국제 인증 동시 획득",정기환,
305,펄핏,2025/05/16,조선일보,AI가 신발 치수 척척 파악… 골프 코칭·피부 진단도,안상현,지면 게재
306,,2025/04/16,IT타임스,"AI 핏테크 스타트업 '펄핏', 넬슨스포츠에 암벽화 추천 솔루션 공급",Jenny Son,
307,,2025/04/16,한국섬유신문,"AI 핏테크 '펄핏', 넬슨스포츠에 암벽화 추천 솔루션 공급",정정숙,
308,,2025/04/16,IT동아,"[주간스타트업동향] 넥스트페이먼츠, 모네리스와 파트너십 체결 外",김영아,
309,,2025/04/16,이뉴스투데이,"펄핏, AI가 발가락 모양·구조 파악해 직접 암벽화 추천",김진영,
310,,2025/04/16,플래텀,"AI 핏테크 스타트업 ‘펄핏’, 넬슨스포츠에 암벽화 추천 솔루션 공급",NA,
311,,2025/04/16,인공지능신문,"펄핏, 넬슨스포츠에 암벽화 추천 AI 솔루션 공급... 발가락 모양과 구조 파악해 AI가 적합한 암벽화 추천",박현진,
312,,2025/04/16,어패럴뉴스,"펄핏, 넬슨스포츠에 암벽화 추천 서비스 제공",박해영,
313,,2025/04/16,지디넷코리아,"펄핏, 넬슨스포츠에 암벽화 추천 솔루션 공급",백봉삼,
314,,2025/04/16,아시아경제,"펄핏, 넬슨스포츠에 암벽화 추천 솔루션 공급",최호경,
315,,2025/04/16,뉴스웍스,[#IT라운지] 나인하이어 '중기 클라우드 바우처'·'알PDF 모바일 버전'·펄핏 '넬슨스포츠에 솔루션',문병도,
316,,2025/04/16,베타뉴스,"AI 핏테크 스타트업 펄핏, 넬슨스포츠에 암벽화 추천 솔루션 공급",이승희,
317,,2025/04/16,디스커버리뉴스,"AI 핏테크 스타트업 '펄핏', 넬슨스포츠에 암벽화 추천 솔루션 공급",정기환,
318,,2025/04/16,스타트업레시피,"[AI서머리] 충남창경, ‘반도체 오픈이노베이션 밋업데이’ 개최‧광주창경, AI 윤리·활용법 조명한 ‘광주창업포럼’ 성료",이석원,
319,"소프트먼트
(구 창업인)",2025/04/05,벤처스퀘어,"핀테크 스타트업 창업인, '소프트먼트'로 사명 변경…전자금융업 본격 진출",조광현,
320,,2025/04/04,이데일리,"핀테크 스타트업 창업인, '소프트먼트'로 사명 변경…전자금융업 진출",김아름,
321,,2025/04/04,아이뉴스24,"테이블로' 창업인, '소프트먼트'로 사명 변경",문영수,
322,,2025/04/04,디지털투데이,"창업인, 소프트먼트로 재탄생...테이블오더 서비스 넘어 오프라인 간편결제로 확장",황치규,
323,,2025/04/04,베타뉴스,"핀테크 스타트업 창업인, 소프트먼트로 사명 변경하며 전자금융업 진출",이승희,
324,,2025/04/04,디아이투데이,"핀테크 스타트업 창업인, ‘소프트먼트’로 사명 변경…전자금융업 본격 진출",이민호,
325,,2025/04/04,데이터넷,"핀테크 스타트업 '창업인', '소프트먼트'로 새출발",강석오,
326,,2025/04/04,이뉴스투데이,"창업인, '소프트먼트'로 사명 변경···전자금융업 본격 진출",김진영,
327,,2025/04/04,아시아경제,"핀테크 스타트업 창업인, ‘소프트먼트’로 사명 변경",김철현,
328,,2025/04/04,디스커버리뉴스,"핀테크 스타트업 창업인, ‘소프트먼트’로 사명 변경… 전자금융업 본격 진출",정기환,
329,,2025/04/04,비석세스,"테이블로 운영사 창업인, ‘소프트먼트’로 사명 변경 및 공동대표 체제 전환",NA,
330,,2025/04/04,플래텀,"핀테크 스타트업 창업인, ‘소프트먼트’로 사명 변경…전자금융업 진출",NA,
331,,2025/04/04,스타트업투데이,"창업인, ‘소프트먼트’로 사명 변경∙∙∙스마트 오더 서비스 ‘테이블로’ 운영",한이서,
332,,2025/04/04,스타트업레시피,"[AI서머리] 유망 바이오기업 투자설명회 개최… 성장·협력 기회 확대‧광주시, 50억 규모 일자리 지원 통합설명회 개최",이석원,
333,,2025/04/04,뉴스탭,"창업인, 사명 ‘소프트먼트’로 변경… 정재훈 공동대표 선임 ",이준문,
334,폴리머라이즈,2025/04/10,동아일보,"[주간투자동향] BHSN, 100억 원 규모 시리즈B 투자 유치 外",NA,
335,,2025/04/07,IT동아,"[주간투자동향] BHSN, 100억 원 규모 시리즈B 투자 유치 外",한만혁,
336,,2025/03/27,머니투데이,"신소재 개발기간 50% 줄인다…폴리머라이즈, 스파크랩 투자 유치",남미래,
337,,2025/03/27,파이낸셜뉴스,"스파크랩, 신소재 연구개발 AI 솔루션 개발사 폴리머라이즈에 투자",이정후,
338,,2025/03/27,스타트업투데이,"스파크랩, 신소재 연구∙개발 AI 솔루션 기업 ‘폴리머라이즈’에 투자 ",최슬기,
339,,2025/03/27,뉴스웍스,[#IT라운지] 민생안정지원단 '잡코 방문'·폴리머라이즈 '투자유치'·'알프' 안다르 AI 상담 해결,문병도,
340,,2025/03/27,매일일보,"스파크랩, 신소재 연구개발 AI 솔루션 ‘폴리머라이즈’에 투자…연구개발 확장에 활용",오시내,
341,,2025/03/27,벤처스퀘어,"스파크랩, 신소재 연구개발 AI 솔루션 '폴리머라이즈'에 투자",조광현,
342,,2025/03/27,아이뉴스24,"스파크랩, 신소재 연구개발 AI 솔루션 '폴리머라이즈'에 투자",문영수,
343,,2025/03/27,스타트업레시피,[AI서머리] AI 신소재 개발 솔루션 ‘폴리머라이즈’ 투자 유치‧3월 대경권 엔젤투자포럼 개최,이석원,
344,,2025/03/27,헬로티,"스파크랩, AI 신소재 솔루션 '폴리머라이즈'에 투자 단행",김재황,
345,,2025/03/27,데이터넷,"스파크랩, 신소재 연구개발 AI 솔루션 기업 ‘폴리머라이즈에’ 투자",강석오,
346,,2025/03/27,플래텀,"스파크랩, 신소재 연구개발 AI 솔루션 ‘폴리머라이즈’에 투자",김민정,
347,,2025/03/27,디지털데일리,"""AI로 신소재 개발 기간 단축"" 폴리머라이즈, 국내 첫 투자 유치",이건한,
348,,2025/03/27,뉴스1,"스파크랩, 신소재 연구개발 AI 솔루션 개발사 폴리머라이즈에 투자",이정후,
349,,2025/03/27,이데일리,"스파크랩, 신소재 연구개발 AI 솔루션 ‘폴리머라이즈’에 투자",김세연,
350,,2025/03/27,디스커버리뉴스,"스파크랩, 신소재 연구개발 AI 솔루션 '폴리머라이즈'에 투자",정기환,
351,,2025/03/27,아시아경제,"스파크랩, 신소재 연구개발 AI 솔루션 '폴리머라이즈' 투자",김철현,
352,,2025/03/27,와우테일,"스파크랩, 싱가포르 신소재 연구개발 AI 솔루션 ‘폴리머라이즈’에 투자",정명화,
353,,2025/03/27,비석세스,"스파크랩, 싱가포르 신소재 연구개발 AI 솔루션 기업 ‘폴리머라이즈’에 투자",NA,
354,,2025/03/27,K스타트업밸리,"스파크랩, 신소재 AI 솔루션 '폴리머라이즈' 투자",Jimmy Park,
355,,2025/03/27,테크42,"스파크랩, 신소재 연구개발 AI 솔루션 '폴리머라이즈'에 투자",황정호,
356,,2025/03/27,베타뉴스,"스파크랩, 신소재 연구개발 AI 솔루션 폴리머라이즈에 투자",이승희,
357,부에노컴퍼니,2025/02/24,IT동아,"[주간투자동향] 라이드, 40억 원 규모 시리즈A 투자 유치 外",한만혁,
358,,2025/02/16,머니투데이,美 빅테크도 주목한 창업자에 뭉칫돈…2월 둘째주 투자유치 15곳은 ,남미래,
359,,2025/02/15,이데일리,[VC’s Pick]배터리부터 양자컴퓨팅까지 ‘딥테크’에 쏠린 시선,박소영,
360,,2025/02/11,머니투데이,"마트 올인원 홍보 솔루션' 부에노컴퍼니, 스파크랩서 투자유치",남미래,
361,,2025/02/10,데이터넷,"스파크랩, 부에노컴퍼니에 초기 투자 진행",강석오,
362,,2025/02/10,스타트업투데이,"스파크랩, 오프라인 마트 홍보 솔루션 ‘그로켓’ 운영사 부에노컴퍼니에 초기 투자 진행",한이서,
363,,2025/02/10,이뉴스투데이,"스파크랩, O2O 마트 홍보 솔루션 ‘그로켓’ 운영사 부에노컴퍼니에 투자 ",고선호,
364,,2025/02/10,뉴스1,"스파크랩, 오프라인 마트 홍보 돕는 그로켓 운영사에 투자",이정후,
365,,2025/02/10,벤처스퀘어,"스파크랩, ‘그로켓’ 운영사 부에노컴퍼니에 투자",오효진,
366,,2025/02/10,테크42,"스파크랩, O2O 마트 홍보 솔루션 ‘그로켓’ 운영사 부에노컴퍼니에 투자 ",황정호,
367,,2025/02/10,K스타트업밸리,"스파크랩, 마트 홍보 솔루션 '그로켓' 개발사에 투자 ",Jo Kim,
368,,2025/02/10,와우테일,"O2O 마트 홍보 ‘그로켓’ 운영사 부에노컴퍼니, 스파크랩서 투자 유치",정명화,
369,,2025/02/10,아이뉴스24,"스파크랩, O2O 마트 홍보 솔루션 '그로켓' 운영사 부에노컴퍼니에 투자 ",문영수,
370,,2025/02/10,뉴스웍스,[#IT라운지] 카쇼라 '밸런타인 프로모션'·크로켓 '투자유치'·이한주 대표 'LEAP서 연설' ,문병도,
371,,2025/02/10,이데일리,"스파크랩, 마트 홍보 솔루션 운영사 ‘부에노컴퍼니’에 투자",김세연,
372,,2025/02/10,디스커버리뉴스,"스파크랩, O2O 마트 홍보 솔루션 ‘그로켓’ 운영사 부에노컴퍼니에 투자 ",정기환,
373,,2025/02/10,스타트업레시피,"[AI서머리] 팁코퍼레이션, 팁스 선정‧스파크랩, 부에노컴퍼니에 초기 투자",이석원,
374,,2025/02/10,베타뉴스,"스파크랩, O2O 마트 홍보 솔루션 그로켓 운영사 부에노컴퍼니에 투자",이승희,
375,,2025/02/10,아시아경제,"스파크랩, 마트 홍보 솔루션 ‘그로켓’ 운영사 부에노컴퍼니에 투자",김철현,
376,,2025/02/10,테크M,"스파크랩, '부에노컴퍼니'에 초기 투자 진행...기술 고도화 추진",조성준,
377,,2025/02/10,플래텀,"스파크랩, O2O 마트 홍보 솔루션 기업 부에노컴퍼니에 투자",김문선,
378,펄핏,2025/02/07,비석세스,"신발 사이즈 AI 추천 솔루션 ‘펄핏’, 아동용 추천 서비스 ‘펄핏 키즈’ 출시",NA,
379,,2025/02/07,머니투데이,아이들 성장주기에 맞는 크기의 신발 산다…'펄핏 키즈' 출시,최태범,
380,,2025/02/07,매경이코노미,"하루하루 쑥쑥 크는 우리 아이...딱 맞는 신발 사이즈, AI가 찾아줘요",나건웅,
381,,2025/02/07,바이라인네트워크,"펄핏, 쑥쑥 크는 아이 신발 사이즈도 AI 추천",이대호,
382,,2025/02/07,디지틀조선일보,"펄핏, 아동용 신발사이즈 추천 AI 솔루션 출시 ",유덕규,
383,,2025/02/07,게임포커스,"신발 사이즈 AI 추천 솔루션 '펄핏', 아이들을 위한 '펄핏 키즈' 출시 ",이혁진,
384,,2025/02/07,K스타트업밸리,"펄핏, AI로 아이 발 사이즈 딱 맞춰주는 '펄핏 키즈' 출시",Jo Kim,
385,,2025/02/07,스타트업투데이,"신발 사이즈 AI 추천 솔루션 ‘펄핏’, 아이들을 위한 ‘펄핏 키즈’ 출시 ",최슬기,
386,,2025/02/07,데이터넷,"펄핏, 아동용 신발 사이즈 AI 추천 ‘펄핏 키즈’ 출시 ",강석오,
387,,2025/02/07,AI타임스,"펄핏, 어린이 신발 사이즈 AI 추천 솔루션 출시 ",박수빈,
388,,2025/02/07,내외경제TV,"[UP! START] 펄핏, 펄핏 키즈로 새신을 신고 뛰어보자 ",정동진,
389,,2025/02/07,테크42,"신발 사이즈 AI 추천 솔루션 '펄핏', 아이들을 위한 '펄핏 키즈' 출시 ",김광우,
390,,2025/02/07,스타트업레시피,"[AI서머리] 펄핏, AI 기반 아동용 신발 사이즈 추천 서비스 ‘펄핏 키즈’ 출시",이석원,
391,,2025/02/07,플래텀,"AI로 아동 신발 사이즈 고민 해결, ‘펄핏 키즈’ 론칭",NA,
392,,2025/02/07,베타뉴스,"신발 사이즈 AI 추천 솔루션 펄핏, 아이들을 위한 펄핏 키즈 출시",이승희,
393,,2025/02/07,뉴스웍스,[#IT라운지] 미디어윌 '시니어스키대회 후원'·다나와 '래플 이벤트'·'펄핏키즈' 출시 ,문병도,
394,창업인,2025/01/20,머니투데이,"메뉴 주문부터 결제까지 한번에…테이블로, PG사 라이선스 취득",남미래,
395,,2025/01/20,디지털투데이,"스마트 오더 서비스 ‘테이블로’, 전자금융업 라이선스 취득",황치규,
396,,2025/01/20,데이터넷,"창업인, 전자지급결제대행업 라이선스 취득",강석오,
397,,2025/01/20,K스타트업밸리,"스마트 오더 서비스 ‘테이블로’ 운영사 창업인, 전자금융업 라이선스 취득",Jo Kim,
398,,2025/01/20,테크42,"스마트 오더 서비스 ‘테이블로’ 운영사 창업인, 전자금융업 라이선스 취득",황정호,
399,,2025/01/20,벤처스퀘어,"‘테이블로’ 운영사 창업인, 전자금융업 라이선스 취득",오효진,
400,,2025/01/20,와우테일,"스마트 오더 ‘테이블로’ 운영사 창업인, 전자금융업 라이선스 획득",정명화,
401,,2025/01/20,뉴스웍스,[#IT라운지] 눜 '600% 성장'·카카오 '공공혁신 리포트'·'클립 크리에이터스 데이' ,문병도,
402,,2025/01/20,플래텀,"스마트 오더 서비스 ‘테이블로’ 운영사 창업인, 전자금융업 라이선스 취득",NA,
403,,2025/01/20,디아이투데이,"스마트 오더 서비스 ‘테이블로’ 운영사 창업인, 전자금융업 라이선스 취득",이민호,
404,,2025/01/20,이뉴스투데이,"스마트 오더 서비스 ‘테이블로’ 운영사 창업인, 전자금융업 라이선스 취득",고선호,
405,,2025/01/20,스타트업레시피,"[AI서머리] 패러닷, 기업 대상 AI 서비스 ‘캐럿 Biz’ 출시‧케어링, 케어링스테이 1호점 개원식 개최",이석원,
406,,2025/01/20,서울경제,"스마트 오더 서비스 ‘테이블로’ 운영사 창업인, 전자금융업 라이선스 취득",김기혁,
407,,2025/01/20,베타뉴스,"스마트 오더 서비스 테이블로 운영사 창업인, 전자금융업 라이선스 취득",이승희,
408,에크네,2025/01/09,바이라인네트워크,"웹소설 플랫폼 ‘투고하다’, 중기부 팁스 선정",남혜현,
409,,2025/01/09,테크M,"에크네, 중기부 팁스 선정...웹소설 투고 플랫폼 최대 7억 지원",조성준,
410,,2025/01/09,디스커버리뉴스,"웹소설 투고 플랫폼 ‘투고하다’ 운영사 에크네, 중기부 팁스 선정 ",정기환,
411,,2025/01/09,테크42,"웹소설 투고 플랫폼 ‘투고하다’ 운영사 에크네, 중기부 팁스 선정 ",황정호,
412,,2025/01/09,K스타트업밸리,"웹소설 투고 플랫폼 ‘투고하다’ 운영사 에크네, 중기부 팁스 선정",Jo Kim,
413,,2025/01/09,비석세스,"에크네, 웹소설 플랫폼 ‘투고하다’로 팁스 선정",NA,
414,,2025/01/09,스타트업레시피,"[AI서머리] 본작, 25억원 프리 시리즈A 투자 유치‧웹소설 플랫폼 ‘투고하다’ 에크네, 중기부 팁스 선정",이석원,
415,,2025/01/09,와우테일,"웹소설 투고 플랫폼 ‘투고하다’ 운영사 에크네, 팁스 선정",정명화,
416,,2025/01/09,지디넷코리아,"웹소설 투고 플랫폼 '투고하다' 운영사 에크네, 중기부 팁스 선정",조수민,
417,,2025/01/09,이뉴스투데이,"‘투고하다’ 운영사 에크네, 중기부 팁스 선정 ",고선호,
418,,2025/01/09,플래텀,"[이달의 TIPS] 에크네, 로렌츄컴퍼니, 행복한삶",NA,
419,,2025/01/09,벤처스퀘어,"‘투고하다’ 운영사 에크네, 중기부 팁스 선정",오효진,
420,,2025/01/09,게임포커스,"웹소설 투고 플랫폼 '투고하다' 운영사 에크네, 중기부 팁스 선정",김성렬,
421,,2025/01/09,베타뉴스,"웹소설 투고 플랫폼 투고하다 운영사 에크네, 중기부 팁스 선정",이승희,
422,,2025/01/09,뉴스웍스,[#IT라운지] '한옥서 꿀잠 잘 알바생 모집'·아임웹 '나만의 등록증 만들기'·와이즈넛-씨이랩 'MOU',문병도,
423,,2025/01/09,아시아경제,"웹소설 투고 플랫폼 ‘투고하다’ 운영사 에크네, 중기부 팁스 선정",김철현,
424,제스트,2025/01/02,시사저널이코노미,"AI 친환경 건설 솔루션 ‘제스트’, 친환경 자재·발주처 최적화",이창원,
425,,2024/12/30,IT동아,"[주간투자동향] 메이머스트, 70억 원 규모 프리IPO 투자 유치 外",한만혁,
426,,2024/12/28,머니투데이,2024년 마무리 앞두고 투자 유치 성공 9곳은 어디? ,박기영,
427,,2024/12/28,이데일리,[VC’s Pick]'친환경' 키워드에 투자금 쏠린 연말,박소영,
428,,2024/12/23,AI타임스,[게시판] 스파크랩-AI 기반 친환경 건설 솔루션 전문 제스트에 프리시드 투자 등 단신 모음,박수빈,
429,,2024/12/23,매일일보,"스파크랩, AI 친환경 건설 솔루션 '제스트'에 프리시드 투자",오시내,
430,,2024/12/23,한국M&A경제신문,"스파크랩, AI 기반 친환경 건설 솔루션 ‘제스트’에 프리 시드 투자",박진우,
431,,2024/12/23,디스커버리뉴스,"스파크랩, AI 친환경 건설 솔루션 '제스트'에 프리시드 투자",정기환,
432,,2024/12/23,뉴시스,"스파크랩, 친환경 솔루션 기업 '제스트'에 프리시드 투자",권안나,
433,,2024/12/23,비석세스,"친환경 건설 솔루션 빌드체인 운영사 ‘제스트’, 스파크랩서 프리시드 투자 유치",NA,
434,,2024/12/23,스타트업투데이,"스파크랩, 제스트에 프리 시드 투자 진행∙∙∙친환경 건설 전환 돕는 통합 데이터 솔루션 ‘빌드체인’ 개발",김석진,
435,,2024/12/23,데이터넷,"스파크랩, AI 친환경 건설 솔루션 기업 '제스트'에 프리시드 투자",강석오,
436,,2024/12/23,매일경제,"스파크랩, AI 친환경 건설 솔루션 제스트에 프리시드 투자",이영욱,
437,,2024/12/23,머니투데이,"AI 친환경 건설 솔루션 제스트, 스파크랩서 프리시드 투자유치",남미래,
438,,2024/12/23,벤처스퀘어,"스파크랩, ’제스트’에 프리시드 투자",오효진,
439,,2024/12/23,K스타트업밸리,"스파크랩, AI 친환경 건설 솔루션 '제스트'에 프리 시드 투자",Jimmy Park,
440,,2024/12/23,와우테일,"AI 친환경 건설 솔루션 ‘제스트’, 스파크랩으로부터 프리시드 투자 유치",정명화,
441,,2024/12/23,뉴스웍스,[#IT라운지] 잡코 '고용서비스 우수기관'·'메이커스 임팩트 연말 결산'·'엔터톤 성료',문병도,
442,,2024/12/23,플래텀,"스파크랩, AI 친환경 건설 솔루션 '제스트'에 프리시드 투자",NA,
443,,2024/12/23,헬로티,"스파크랩, AI 친환경 건설 솔루션 '제스트'에 프리시드 투자",김재황,
444,,2024/12/23,테크42,"스파크랩, AI 친환경 건설 솔루션 '제스트'에 프리시드 투자",황정호,
445,,2024/12/23,베타뉴스,"스파크랩, AI 친환경 건설 솔루션 제스트에 프리시드 투자",이승희,
446,약올려,2024/12/6,시사저널이코노미,"약국 반품 보상 플랫폼 ‘약올려’…‘상생 생태계’ 조성 총력
",이창원,
447,,2024/12/6,한국경제,약국 반품 보상 플랫폼 '약올려' 연 거래액 400억 돌파 [Geeks' Briefing],고은이,
448,,2024/12/6,K스타트업밸리,약국 반품 보상 플랫폼 ‘약올려’ 연 거래액 400억 돌파,Jo Kim,
449,,2024/12/6,매일일보,약국 반품 보상 플랫폼 ‘약올려’…연 거래액 400억원 돌파,오시내,
450,,2024/12/6,스타트업투데이,"약국 반품 보상 플랫폼 ‘약올려’, 연 거래액 400억 원 돌파∙∙∙의약품 유통 혁신 가속",한이서,
451,,2024/12/6,테크42,약국 반품 보상 플랫폼 ‘약올려’ 연 거래액 400억 돌파…의약품 유통 혁신 가속,황정호,
452,,2024/12/6,비석세스,약품 반품 솔루션 ‘약올려’. 연간 거래액 400억 돌파,NA,
453,,2024/12/6,플래텀,"약국 반품 플랫폼 '약올려', 연 거래액 400억 돌파",NA,
454,,2024/12/6,뉴스웍스,[#헬스콕] 레졸루트 'FDA 희귀의약품'·동아쏘시오 '기업 우수자원봉사자 표창'·이지케어텍 '소방병원 HIS 구축',문병도,
455,,2024/12/6,데이터넷,"약국 반품 보상 플랫폼 ‘약올려’, 연 거래액 400억 돌파 ··· 의약품 유통 혁신
",강석오,
456,,2024/12/6,베타뉴스,"약국 반품 보상 플랫폼 약올려, 연 거래액 400억원 돌파",이승희,
457,,2024/12/6,바이오타임즈,"약국 반품 보상 플랫폼 ‘약올려’, 연 거래액 400억 원 돌파∙∙∙지난해 대비 5배 이상↑",김지수,
458,부톡,2024/11/25,머니투데이,"전세사기 방지' 부톡, 주거안전분야 도시·지역혁신대상 수상",남미래,
459,,2024/11/25,테크42,"부동산 중개 플랫폼 ‘부톡’, 주거안전분야 대한민국 도시·지역혁신대상 수상",황정호,
460,,2024/11/25,뉴스웍스,"[#부동산 나들이] 부톡 '국토부장관상'·""오피스텔 바닥난방 폐지""·""내년 상반기 주택 매매가 상승""",문병도,
461,,2024/11/25,디지털타임스,부동산 중개플랫폼 `부톡` 전세사기 방지로 국토장관상 수상,이윤희,
462,,2024/11/25,K스타트업밸리,"부동산 중개 플랫폼 ‘부톡’, 주거안전분야 대한민국 도시·지역혁신대상 수상",Jo Kim,
463,,2024/11/25,벤처스퀘어,"부톡, 주거안전분야 대한민국 도시·지역혁신대상 수상",오효진,
464,,2024/11/25,한경잡앤조이,"부동산 중개 플랫폼 ‘부톡’, 대한민국 도시·지역혁신대상 수상",강홍민,
465,,2024/11/25,베타뉴스,"부동산 중개 플랫폼 부톡, 주거안전분야 대한민국 도시 지역혁신대상 수상",이승희,
466,,2024/11/25,데이터넷,"부톡, 주거안전분야 대한민국 도시·지역혁신대상 수상",강석오,
467,,2024/11/25,디스커버리뉴스,"부톡', 주거안전분야 대한민국 도시•지역혁신대상 수상",정기환,
468,,2024/11/25,테크엠,"부톡, 전세사기 방지 공로 인정...국토부장관상 수상",조성준,
469,,2024/11/25,연합뉴스,[게시판] 부동산 중개 플랫폼 '부톡' 국토부장관상 수상,김경희,
470,,2024/11/25,매일경제,"부동산 중개 플랫폼 ‘부톡’, 주거안전분야 대한민국 도시·지역혁신대상 수상",원호섭,
471,,2024/11/25,플래텀,"부동산 중개 플랫폼 ‘부톡’, 주거안전분야 대한민국 도시·지역혁신대상 수상",NA,
472,,2024/11/25,세계비즈,"부동산 중개 플랫폼 부톡, 주거안전분야 도시·지역혁신대상 수상",이정인,
473,히릿소프트,2024/11/20,이투데이,개발 지식 없어도 쉽게 적용…‘노코드’ 솔루션 제공 스타트업 주목,정수천,후속기사
474,,2024/11/20,와우테일,"노코드 쇼핑몰 제작 솔루션 ‘메이더’, CES 2025 혁신상 수상",이준희,
475,,2024/11/19,머니투데이,"코딩 몰라도 3분만에 쇼핑몰 뚝딱…메이더, CES 2025 혁신상 수상
",남미래,
476,,2024/11/19,유니콘팩토리,"코딩 몰라도 3분만에 쇼핑몰 뚝딱…메이더, CES 2025 혁신상 수상",남미래,
477,,2024/11/19,디스커버리뉴스,"노코드 쇼핑몰 제작 솔루션 '메이더', CES 2025 혁신상 수상",정기환,
478,,2024/11/19,스타트업레시피,"[AI서머리] 엠아이디, 20억 원 규모 투자 유치‧위베어소프트, API 통합 관리 솔루션으로 투자 유치",이석원,
479,,2024/11/19,K스타트업밸리,"노코드 쇼핑몰 제작 솔루션 ‘메이더’, CES 2025 혁신상 수상",Jo Kim,
480,,2024/11/19,테크42,"노코드 쇼핑몰 제작 솔루션 ‘메이더’, CES 2025 혁신상 수상",황정호,
481,,2024/11/19,AI타임스,"히릿소프트, 노코드 쇼핑몰 제작 솔루션으로 'CES 혁신상' 수상",장세민,
482,,2024/11/19,벤처스퀘어,"메이더, CES 2025 혁신상 수상",오효진,
483,,2024/11/19,플래텀,"노코드 쇼핑몰 제작 솔루션 ‘메이더’, CES 2025 혁신상 수상",NA,
484,,2024/11/19,디아이투데이,"노코드 쇼핑몰 제작 솔루션 ‘메이더’, CES 2025 혁신상 수상",이민호,
485,,2024/11/19,뉴스웍스,[#IT라운지] 멜론 '숲;트리밍'·영림원 'KS-QEI ERP 1위'·콘진원 'R&D 성과발표회',문병도,
486,,2024/11/19,베타뉴스,"노코드 쇼핑몰 제작 솔루션 메이더, CES 2025 혁신상 수상",이승희,
487,파이노버스랩,2024/11/6,머니투데이,"B2B 결제솔루션 '페이먼스', 소상공인 외상한도 조회 서비스",남미래,
488,,2024/11/6,K스타트업밸리,"페이먼스, 소상공인 외상한도 조회 서비스 출시",Jo Kim,
489,,2024/11/6,스타트업레시피,"[AI서머리] 페이먼스, 소상공인 외상한도 조회 서비스 출시‧데이터라이즈, 유료 고객사 500곳 돌파
",이석원,
490,,2024/11/6,뉴스탭,"B2B 결제 솔루션 ‘페이먼스’, 소상공인 외상한도 조회 서비스 출시",이준문,
491,,2024/11/6,베타뉴스,"B2B 결제 솔루션 페이먼스, 소상공인 외상한도 조회 서비스 출시",이승희,
492,,2024/11/6,플래텀,"B2B 결제 솔루션 ‘페이먼스’, 소상공인 외상한도 조회 서비스 출시",NA,
493,,2024/11/6,디스커버리뉴스,"B2B 결제 솔루션 ‘페이먼스’, 소상공인 외상한도 조회 서비스 출시",정기환,
494,,2024/11/6,디지털투데이,"B2B 결제 솔루션 ‘페이먼스’, 소상공인 외상한도 조회 서비스 출시",황치규,
495,,2024/11/6,매일일보,"B2B 결제 솔루션 ‘페이먼스’, 소상공인 외상한도 조회 서비스 출시",오시내,
496,,2024/11/6,이투데이,"B2B 결제 솔루션 ‘페이먼스’, 소상공인 외상한도 조회 서비스 출시",정수천,
497,커리어데이,2024/10/31,머니투데이,"전문가 비즈니스 솔루션 '커리어데이', GLG 출신 김재희 본부장 영입",남미래,
498,,2024/10/30,한국M&A경제신문,"커리어데이, GLG 출신 김재희 사업개발 본부장 영입∙∙∙글로벌 전문가 매칭 시장에서 경쟁력 확보",구나연,
499,,2024/10/30,뉴스탭,"전문가 비즈니스 솔루션 ‘커리어데이’, 거슨러먼그룹 출신 김재희 본부장 영입",이준문,
500,,2024/10/30,테크M,"커리어데이, GLG 출신 김재희 사업개발 본부장 영입",조성준,
501,,2024/10/30,비석세스,"사이드잡 플랫폼 ‘커리어데이’, 거슨러먼그룹 출신 김재희 본부장 영입",NA,
502,,2024/10/30,베타뉴스,"커리어데이, 거슨러먼그룹 출신 김재희 본부장 영입",이승희,
503,,2024/10/30,서울경제,"전문가 비즈니스 솔루션 ‘커리어데이’, 거슨러먼 출신 김재희 본부장 영입",김기혁,
504,,2024/10/30,스타트업레시피,"[AI서머리] 아산나눔재단, ‘2024 아산 보이저 미국 진출 플레이북’ 발표 기념 행사‧스위트스팟, 팝가스토어 오픈",이석원,
505,,2024/10/30,스타트업투데이,"커리어데이, 거슨러먼그룹 출신 김재희 사업개발 본장 영입
",김석진,
506,,2024/10/30,데이터넷,"커리어데이, 거슨러먼그룹 출신 김재희 본부장 영입",강석오,
507,,2024/10/30,벤처스퀘어,"커리어데이, 거슨러먼그룹 출신 김재희 본부장 영입",오효진,
508,쿠파,2024/10/11,지디넷코리아,"[ZD SW 투데이] 카카오엔터프라이즈, 몽골과기대와 클라우드 교육 과정 성료 外
",양정민,
509,,2024/10/11,머니투데이,"AI 금융 투자 플랫폼 '엣지' 운영사 쿠파, 중기부 팁스 선정",박기영,
510,,2024/10/11,위런치,"AI 금융 데이터 플랫폼 '엣지' 운영사 쿠파, 중기부 팁스(TIPS) 선정",서아림,
511,,2024/10/11,디지털데일리,"AI 금융 투자 플랫폼 ‘엣지’ 운영사 쿠파, 중기부 팁스 선정",오병훈,
512,,2024/10/11,스타트업레시피,"[AI서머리] 쿠파, 중기부 팁스 선정‧서울창경-원빌리언액셀, 투자 협약 체결",이석원,
513,,2024/10/11,데이터넷,"AI 금융 투자 플랫폼 '엣지' 운영사 쿠파, 중기부 팁스 선정",강석오,
514,,2024/10/11,벤처스퀘어,"엣지' 운영사 쿠파, 중기부 팁스 선정",오효진,
515,,2024/10/11,와우테일,"AI 금융 투자 플랫폼 ‘엣지’ 운영사 쿠파, 팁스 선정",정명화,
516,,2024/10/11,K스타트업밸리,"AI 금융 투자 플랫폼 ‘엣지’ 운영사 쿠파, 중기부 팁스 선정",Jo Kim,
517,,2024/10/11,비석세스,"금융 투자 플랫폼 엣지 운영사 ‘쿠파’, 중기부 팁스 선정",NA,
518,,2024/10/11,디스커버리뉴스,"AI 금융 투자 플랫폼 '엣지' 운영사 쿠파, 중기부 팁스 선정",정기환,
519,,2024/10/11,베타뉴스,"AI 금융 투자 플랫폼 엣지 운영사 쿠파, 중기부 팁스 선정",이승희,
520,,2024/10/11,뉴스웍스,[#IT라운지] 네이버 '스마트봇 톡톡'·쿠파 '팁스 선정'·채널톡-메타엠 '업무 협약',문병도,
521,,2024/10/11,테크월드,"AI 금융 투자 플랫폼 '엣지' 운영사 쿠파, 중기부 팁스 선정",양승갑,
522,,2024/10/11,플래텀,"[이달의 TIPS] 카미랩, 널위한문화예술, 쿠파, 동주",NA,
523,,2024/10/11,조선비즈,"AI 금융 투자 플랫폼 ‘엣지’ 운영사 쿠파, 중기부 팁스 선정",박용선,
524,슬릭코퍼레이션,2024/09/11,머니투데이,"""헬스장 망해도 환불 지원""…슬릭코퍼레이션, 결제솔루션 출시",고석용,
525,,2024/09/11,위클리오늘,"[위클리오늘] [스타트업] 슬릭코퍼레이션, 피트니스센터 고객 안심 결제 '하이페이' 출시",정영준,
526,,2024/09/11,이투데이,"슬릭코퍼레이션, 피트니스센터 고객 안심 결제 ‘하이페이' 출시",정수천,
527,,2024/09/11,데이터넷,"슬릭코퍼레이션, 피트니스센터 고객 안심 결제 '하이페이' 출시",강석오,
528,,2024/09/11,지디넷코리아,"슬릭코퍼레이션, 피트니스센터 고객 안심 결제 '하이페이' 출시",백봉삼,
529,,2024/09/11,플래텀,"[투데이 스타트업] 슬릭코퍼레이션, 티지소사이어티, 딜매치, 팜스태프, 코드크레용",NA,
530,,2024/09/11,디스커버리뉴스,"슬릭코퍼레이션, 피트니스센터 고객 안심 결제 '하이페이' 출시",정기환,
531,,2024/09/11,베타뉴스,"슬릭코퍼레이션, 피트니스센터 고객 안심 결제 하이페이 출시",이승희,
532,,2024/09/11,K스타트업밸리,"슬릭코퍼레이션, 피트니스센터 고객 안심 결제 ‘하이페이' 출시",Jo Kim,
533,드래프타입,2024/09/06,시사저널이코노미,"드래프타입, 패션 특화 생성형 AI 모델 개발",이창원,
534,,2024/08/18,이데일리,"스파크랩, AI 모델 제작 운영사 ‘드래프타입’에 프리시리즈 A 투자",김현아,
535,,2024/08/16,지디넷코리아,"[ZD SW 투데이] kt클라우드, 국정자원 대구센터에 민관협력형 클라우드 존 구축 外",양정민,
536,,2024/08/16,디지털투데이,"스파크랩, AI 모델 제작 스튜디오 운영사 '드래프타입'에 투자",황치규,
537,,2024/08/16,와이드경제,"AI모델제작 솔루션 드래프타입, 프리시리즈A 투자유치",뉴시스언론보도,
538,,2024/08/16,뉴시스,"AI모델제작 솔루션 드래프타입, 프리시리즈A 투자유치",이승주,
539,,2024/08/16,베타뉴스,"스파크랩, AI 모델 제작 스튜디오 운영사 드래프타입에 투자",이승희,
540,,2024/08/16,지디넷코리아,"스파크랩, AI 모델 제작 스튜디오 운영사 '드래프타입' 투자",백봉삼,
541,,2024/08/16,디스커버리뉴스,"스파크랩, AI 모델 제작 스튜디오 운영사 '드래프타입'에 투자",정기환,
542,,2024/08/16,AI타임스,"스파크랩, AI 모델 스튜디오 드래프타입에 투자",박수빈,
543,,2024/08/16,아이티데일리,"스파크랩, AI 모델 제작 스튜디오 운영사 '드래프타입'에 투자",김호준,
544,,2024/08/16,바이라인네트워크,"스파크랩, AI 모델 제작 스튜디오 운영사 ‘드래프타입’ 투자",이대호,
545,,2024/08/16,K스타트업밸리,"스파크랩, AI 모델 제작 스튜디오 운영사 ‘드래프타입’에 투자",Jo Kim,
546,,2024/08/16,테크42,"스파크랩, AI 모델 제작 스튜디오 운영사 ‘드래프타입’에 프리A 투자",황정호,
547,,2024/08/16,세계비즈,"스파크랩, AI 모델 제작 스튜디오 운영사 드래프타입에 투자",이정인,
548,,2024/08/16,프라임경제,"스파크랩, AI 모델 제작 스튜디오 '드래프타입' 투자 완료",김우람,
549,,2024/08/16,아시아경제,"스파크랩, AI 모델 제작 스튜디오 운영사 ‘드래프타입’ 투자",김철현,
550,,2024/08/16,플래텀,"스파크랩, AI 모델 제작 스튜디오 운영사 ‘드래프타입’에 투자",김문선,
551,,2024/08/16,와우테일,"생성AI 모델 스튜디오 ‘드래프타입’, 프리시리즈A 투자 유치",정명화,
552,,2024/08/16,서울경제,"스파크랩, AI 모델 제작 스튜디오 운영사 ‘드래프타입’에 투자",김기혁,
553,락인컴퍼니,2024/07/31,머니투데이,"락인컴퍼니, 한국에 이어 일본에서 앱 보안 기술 특허 등록",남미래,
554,,2024/07/31,데일리시큐,"락인컴퍼니, 모바일 앱 보안 관련 기술 일본 특허청 등록",길민권,
555,,2024/07/31,K스타트업밸리,"락인컴퍼니, 일본 앱 보안 기술 특허 등록",Jo Kim,
556,,2024/07/31,디지털데일리,"락인컴퍼니, 모바일 앱 보안 관련 기술 일본 특허청 등록",유진아,
557,,2024/07/31,프라임경제,"락인컴퍼니, 일본 모바일 앱 보안 접속 차단 기술 특허 등록",정관섭,
558,,2024/07/31,아이티데일리,"락인컴퍼니, 한국 이어 일본서도 앱 보안 기술 특허 등록",정종길,
559,,2024/07/31,테크42,"락인컴퍼니, 한국에 이어 일본서도 앱 보안 기술 특허 등록",황정호,
560,,2024/07/31,베타뉴스,"락인컴퍼니, 한국에 이어 일본서도 앱 보안 기술 특허 등록",이승희,
561,,2024/07/31,데이터넷,"락인컴퍼니, 일본서 앱 보안 기술 특허 등록",강석오,
562,,2024/07/31,벤처스퀘어,"락인컴퍼니 모바일 앱 보안 관련 기술, 일본 특허청 등록",오효진,
563,,2024/07/31,디지털데일리,"글로벌 역량 키우는 락인컴퍼니, '모바일 앱 보안 기술' 일본 특허",김보민,
564,,2024/07/31,이투데이,"락인컴퍼니, 한국에 이어 일본서도 앱 보안 기술 특허 등록",정수천,
565,,2024/07/31,머니투데이,"락인컴퍼니, '모바일 앱 보안 관련 기술'로 일본 특허 등록",김태윤,
566,창업인,2024/07/23,머니투데이,"""테이블에서 QR코드로 주문""…테이블로, 전국 휴게소 진출",남미래,
567,,2024/07/22,지디넷코리아,"창업인 스마트 오더 '테이블로', 전국 휴게소 진출",백봉삼,
568,,2024/07/22,이뉴스투데이,"창업인, 오프라인 주문·결제 서비스 ‘테이블로’ 전국 휴게소 진출",고선호,
569,,2024/07/22,플래텀,"[투데이 스타트업] 로보아르테, 국참, 창업인",NA,
570,,2024/07/22,K스타트업밸리,"휴게소, 테이블로로 편리하고 안전한 주문결제",Jo Kim,
571,,2024/07/22,디지털투데이,"창업인, 오프라인 주문·결제 서비스 '테이블로' 전국 휴게소 공략",황치규,
572,,2024/07/22,테크42,"창업인, 오프라인 주문·결제 서비스 ‘테이블로’ 전국 휴게소 진출",황정호,
573,,2024/07/22,벤처스퀘어,"창업인, 고속도로 휴게소 디지털 전환 ‘테이블로’ 확대",오효진,
574,,2024/07/22,디아이투데이,"고속도로 휴게소 디지털 전환, 테이블로가 맡는다",장준영,
575,,2024/07/22,아시아경제,"오프라인 주문·결제 ‘테이블로’, 전국 휴게소 진출",김철현,
576,,2024/07/22,조선비즈,"창업인, 고속도로 휴게소 공략… “테이블서 QR코드로 주문”",장우정,
577,,2024/07/22,베타뉴스,"창업인, 오프라인 주문결제 서비스 테이블로 전국 휴게소 진출",이승희,
578,,2024/07/22,이투데이,"창업인, 오프라인 주문·결제 서비스 ‘테이블로’ 전국 휴게소 진출",정수천,
579,펄스애드,2024/07/02,한국경제,"펄스애드, 스파크랩 시드 투자 유치 [Geeks' Briefing]",고은이,
580,,2024/07/01,스타트업투데이,"리테일 미디어 플랫폼 스타트업 펄스애드, 스파크랩으로부터 시드 투자 유치",한이서,
581,,2024/07/01,beSUCCESS,"AI 리테일 미디어 플랫폼 ‘펄스애드’, 스파크랩서 시드 투자 유치",NA,
582,,2024/07/01,와우테일,PulseAd Secures Seed Funding from SparkLabs to Launch Global Retail Media Platform,다코스,
583,,2024/07/01,와우테일,"리테일 미디어 ‘펄스애드,’ 스파크랩서 시드 투자 유치",정명화,
584,,2024/07/01,지디넷코리아,"펄스애드, 스파크랩서 시드 투자 유치",백봉삼,
585,,2024/07/01,머니투데이,"광고 솔루션 펄스애드, 스파트랩 시드 투자 유치",김태현,
586,,2024/07/01,테크M,"펄스애드, 스파크랩 시드 투자 유치…""글로벌 사업 전개할 것""",조성준,
587,,2024/07/01,뉴스1,"리테일 미디어 플랫폼 펄스애드, 스파크랩서 시드투자 유치",이정후,
588,,2024/07/01,바이라인네트워크,"리테일 미디어 플랫폼 ‘펄스애드’, 스파크랩서 시드 투자 유치",이대호,
589,,2024/07/01,베타뉴스,"리테일 미디어 플랫폼 펄스애드, 스파크랩 시드 투자 유치",이승희,
590,,2024/07/01,이투데이,"펄스애드, 스파크랩서 시드 투자 유치…“글로벌 진출 박차”",정수천,
591,,2024/07/01,뉴스웍스,[#IT라운지] '럭스' 1주년 프로모션·나인하이어-블라인드하이어 '연동'·'브런치북 출간',문병도,
592,,2024/07/01,플래텀,리테일 미디어 플랫폼 ‘펄스애드’ 스파크랩서 시드 투자 유치,김문선,
593,,2024/07/01,매일경제,"리테일 미디어 플랫폼 ‘펄스애드’, 스파크랩서 시드 투자",원호섭,
594,플루언트,2024/06/09,머니투데이,"MS가 해외진출 지원…'아바타 생성' 플루언트, 마중 프로그램 선정",최태범,
595,,2024/06/07,beSUCCESS,"대화형 아바타 솔루션 개발 ‘플루언트’, 마이크로소프트 마중 프로그램 선정",NA,
596,,2024/06/07,스타트업투데이,"대화형 아바타 솔루션 개발사 ‘플루언트’, 마이크로소프트 마중 프로그램 선정",한이서,
597,,2024/06/07,테크M,"플루언트, 마이크로소프트 마중 프로그램 선정",조성준,
598,,2024/06/07,AI타임스,"플루언트, 대화형 아바타 솔루션으로 MS 마중 프로그램 선정",박수빈,
599,,2024/06/07,이투데이,"대화형 아바타 솔루션 개발사 ‘플루언트’, 마이크로소프트 마중 프로그램 선정",정수천,
600,,2024/06/07,벤처스퀘어,"플루언트, 마이크로소프트 마중 프로그램 선정",오효진,
601,,2024/06/07,테크월드,"플루언트, MS 마중 프로그램 선정…애저 클라우드 크레딧 등 지원",양승갑,
602,,2024/06/07,베타뉴스,"대화형 아바타 솔루션 개발사 플루언트, 마이크로소프트 마중 프로그램 선정",이승희,
603,,2024/06/07,인공지능신문,"AI 대화형 아바타 플랫폼 ‘플루언트’, 마이크로소프트 마중 프로그램 선정",전미준,
604,히릿소프트,2024/06/03,beSUCCESS,"노코드 SaaS ‘메이더’ 운영사 히릿소프트, 구글 클라우드 파트너 어드밴티지 프로그램 선정",NA,
605,,2024/06/03,아이티데일리,"히릿소프트, 구글 클라우드 '파트너 어드밴티지 프로그램' 선정",박재현,
606,,2024/06/03,디지털투데이,"히릿소프트, 구글 클라우드 파트너 어드밴티지 프로그램 선정",황치규,
607,,2024/06/03,이투데이,"히릿소프트, 구글 클라우드 파트너 어드밴티지 프로그램 선정",정수천,
608,,2024/06/03,벤처스퀘어,"히릿소프트, 구글 클라우드 파트너 어드밴티지 프로그램 선정",오효진,
609,,2024/06/03,데이터넷,"히릿소프트, 구글 클라우드 파트너 어드밴티지 프로그램 선정",강석오,
610,,2024/06/03,뉴스웍스,[#IT라운지] 잡코 '고용평등 우수'·콘진원 '콘텐츠 포럼'·SKC&C 'AI 랜딩존',문병도,
611,,2024/06/03,대한경제,"히릿소프트, 구글 클라우드 파트너 어드밴티지 프로그램 선정",이계풍,
612,,2024/06/03,베타뉴스,"히릿소프트, 구글 클라우드 파트너 어드밴티지 프로그램 선정",이승희,
613,슬로웨이브,2024/05/29,지디넷코리아,"슬로웨이브, 중기부 초기창업패키지 최우수기업 선정",백봉삼,
614,,2024/05/29,뉴시스,뇌파분석 전문기업 슬로웨이브 중기부 주최 2023 초기창업패키지 최우수 기업 선정[중기소식],이승주,
615,,2024/05/29,디스커버리뉴스,"슬로웨이브, 중기부 초기창업패키지 최우수기업 선정",정기환,
616,,2024/05/29,머니투데이,"뇌파분석 전문기업 슬로웨이브, 초기창업패키지 최우수기업 선정",남미래,
617,,2024/05/29,뷰어스,"슬로웨이브, 중기부 초기창업패키지 최우수기업 선정",백민재,
618,,2024/05/29,플래텀,"뇌파분석 전문기업 슬로웨이브, 중기부 초기창업패키지 최우수기업 선정",NA,
619,,2024/05/29,이투데이,"뇌파분석 전문기업 슬로웨이브, 중기부 초기창업패키지 최우수기업 선정",정수천,
620,,2024/05/29,벤처스퀘어,"슬로웨이브, 중기부 초기창업패키지 최우수기업 선정",오효진,
621,,2024/05/29,데이터넷,"뇌파분석 전문기업 슬로웨이브, 중기부 초기창업패키지 최우수기업 선정",위아람,
622,,2024/05/29,베타뉴스,"뇌파분석 전문기업 슬로웨이브, 중기부 초기창업패키지 최우수기업 선정",이승희,
623,,2024/05/29,아시아경제,"뇌파분석 스타트업 슬로웨이브, 중기부 초기창업패키지 최우수기업 선정",김철현,
624,위티,2024/03/22,위클리오늘,"[위클리오늘][스타트업] 위티, 대화로 매물 찾아주는 AI 챗봇 '부토기' 출시",정영준,
625,,2024/03/22,IT조선,“문장 입력하면 원하는 아파트 매물 찾아준다”…부동산 AI 챗봇 ‘부토기',조상록,
626,,2024/03/22,beSUCCESS,"아파트 반값 중개 플랫폼 ‘부톡’, 대화로 매물 찾아주는 AI 챗봇 ‘부토기’ 출시",NA,
627,,2024/03/22,와우테일,"부톡, 생성형 AI 챗봇 ‘부토기’ 출시…대화로 부동산 매물 찾아준다",정명화,
628,,2024/03/22,AI타임스,"위티, 부동산 중개 플랫폼에 AI 챗봇 탑재...대화로 매물 찾는다",박수빈,
629,,2024/03/22,전자신문,"부톡, 생성형 AI 챗봇 '부토기' 출시…대화로 부동산 매물 검색",손지혜,
630,,2024/03/22,한국경제,"SDT 친환경 스마트 맨홀, 해외 출시 추진…고이는 서울시농수산식품공사 노조와 협력[Geeks' Briefing]",김주완,
631,,2024/03/22,데이터넷,"부톡, 대화로 부동산 매물 찾아주는 생성형 AI 챗봇 '부토기' 출시",강석오,
632,,2024/03/22,베타뉴스,"부톡, 대화로 부동산 매물 찾아주는 생성형 AI 챗봇 부토기 출시",이승희,
633,,2024/03/22,이투데이,"부톡, 생성형AI ‘부토기’ 론칭…대화로 부동산 매물 찾아",정수천,
634,,2024/03/22,매일경제,"부톡, 대화로 부동산 매물 찾아주는 생성형 AI 챗봇 ‘부토기’ 출시",조광현,
635,비트센싱,2024/02/15,머니S,"이미지 레이더' 비트센싱, IPO 나선다… ""NH투자증권 주관""",염윤경,
636,,2024/02/14,머니투데이,"비트센싱, IPO주관사로 NH투자증권 선정…""2025년 상장 목표""",고석용,
637,,2024/02/14,서울경제,[이번주 스타트人] 年매출 120억…내년 상장 목표,김기혁,
638,,2024/02/14,한국경제,"비트센싱, 상장 주관사로 NH투자증권 선정",장강호,
639,,2024/02/14,더팩트,"비트센싱, IPO 주관사 NH투자증권 선정…2025년 상장 목표",이한림,
640,,2024/02/14,이슈앤비즈,"이미징 레이더 솔루션 기업 ‘비트센싱’, IPO 주관사 NH투자증권 선정",김하성,
641,,2024/02/14,beSUCCESS,"이미징 레이더 솔루션 ‘비트센싱’, IPO 주관사 NH투자증권 선정",NA,
642,,2024/02/14,와우테일,"이미징 레이더 ‘비트센싱’, IPO 주관사 NH투자증권 선정…25년 코스닥 상장 목표",정명화,
643,,2024/02/14,AI타임스,"이미징 레이더 전문 비트센싱, IPO 주관사로 NH투자증권 선정",장세민,
644,,2024/02/14,뉴스웍스,비트센싱 'IPO 주관사',문병도,
645,,2024/02/14,테크M,"비트센싱, 내년 코스닥 상장 목표…주관사로 NH투자증권 선정",조성준,
646,,2024/02/14,데이터넷,"비트센싱, IPO 대표 주관사로 'NH투자증권' 선정",강석오,
647,,2024/02/14,플래텀,"이미징 레이더 솔루션 기업 ‘비트센싱’, IPO 추진…NH투자증권 주관사 선정",김문선,
648,,2024/02/14,벤처스퀘어,"비트센싱, 코스닥 상장위해 주관사 NH투자증권 선정",오효진,
649,,2024/02/14,지디넷코리아,"비트센싱, IPO 주관사 NH투자증권 선정",백봉삼,
650,,2024/02/14,아시아경제,"이미징 레이더 기업 ‘비트센싱’, IPO 주관사 NH투자증권 선정",김철현,
651,,2024/02/14,이데일리,"이미징 레이더 기업 ‘비트센싱’, IPO 주관사 NH투자증권 선정",김현아,
652,,2024/02/14,베타뉴스,"이미징 레이더 기업 ‘비트센싱’, IPO 주관사 NH투자증권 선정",이승희,
653,,2024/02/14,이데일리,"[마켓인]‘HL만도’가 찜한 비트센싱, 상장 주관사로 NH證 선정",허지은,
654,,2024/02/14,매일경제,"이미징 레이더 솔루션 기업 ‘비트센싱’, IPO 주관사 NH투자증권 선정",조광현,
655,파이노버스랩,2024/02/01,beSUCCESS,"B2B 결제 솔루션 ‘페이먼스’ 운영사 파이노버스랩, 시리즈 A 투자 유치",NA,
656,,2024/02/01,데이터넷,"2B 결제솔루션 ‘페이먼스’ 운영사 파이노버스랩, 시리즈 A 투자 유치",강석오,
657,,2024/02/01,디지털투데이,"후불결제 페이먼스, 18억원 투자 유치...카카오페이 주도",황치규,
658,,2024/02/01,위클리오늘,"[위클리오늘] [스타트업] 파이노버스랩, 18억 규모 시리즈A 투자 유치",이진우,
659,,2024/02/01,머니투데이,"카카오페이가 택한 후불결제 '페이먼스', 18억 시리즈A 투자유치",최태범,
660,,2024/02/01,한경잡앤조이,"[Start-up Invest] B2B 결제솔루션 ‘페이먼스’, 18억 규모 시리즈",강홍민,
661,,2024/02/01,스타트업투데이,"파이노버스랩, 18억 원 규모 시리즈A 투자 유치∙∙∙결제 솔루션 ‘페이먼스’ 운영",한이서,
662,,2024/02/01,와우테일,"B2B 결제 ‘페이먼스’ 운영사 파이노버스랩, 18억원 규모 시리즈A 투자 유치",정명화,
663,,2024/02/01,아시아경제,"B2B 결제솔루션 '페이먼스', 시리즈 A 투자 유치",김철현,
664,,2024/02/01,이슈앤비즈,"B2B 결제솔루션 ‘페이먼스’ 운영사 파이노버스랩, 시리즈 A 투자 유치",김하성,
665,,2024/02/01,이데일리,"[마켓인]페이먼스 운영사 파이노버스랩, 18억원 규모 시리즈A 투자유치",허지은,
666,,2024/02/01,디스커버리뉴스,"페이먼스' 운영사 파이노버스랩, 시리즈 A 투자 유치",정기환,
667,,2024/02/01,벤처스퀘어,"‘페이먼스’ 운영사 파이노버스랩, 35억원 투자 유치",오효진,
668,,2024/02/01,블로터,"B2B 후불결제 솔루션' 페이먼스, 카카오페이서 전략적 투자 유치 [넘버스]",황금빛,
669,,2024/02/01,베타뉴스,"B2B 결제솔루션 페이먼스 운영사 파이노버스랩, 시리즈 A 투자 유치",이승희,
670,,2024/02/01,뉴스웍스,페이먼스' 투자 유치,문병도,
671,,2024/02/01,파이낸셜뉴스,"[fn마켓워치]카카오페이, B2B 후불결제 플랫폼에 투자",강구귀,
672,,2024/02/01,매일경제,"B2B 결제솔루션 ‘페이먼스’ 운영사 파이노버스랩, 시리즈 A 투자 유치",조광현,
673,,2024/02/01,플래텀,"B2B 결제솔루션 ‘페이먼스’ 운영사 파이노버스랩, 18억 원 규모 시리즈 A 투자 유치",김문선,
674,소프트랜더스,2024/01/31,서울경제,해외 주재원도 한번에 후불결제…네이버 이용하는 ‘이 서비스’,김기혁,
675,,2024/01/30,위클리오늘,"[위클리오늘] [스타트업] 소프트랜더스, B2B 전용 '리로케이션 후불결제' 서비스 출시",정영준,
676,,2024/01/30,내외경제tv,"[UP! START] 소프트랜더스, 해외 파견비용 후불로 모십니다",정동진,
677,,2024/01/30,한경잡앤조이,"소프트랜더스, B2B 전용 '리로케이션 후불결제' 서비스 출시",강홍민,
678,,2024/01/30,베타뉴스,"소프트랜더스, B2B 전용 리로케이션 후불결제 서비스 출시",이승희,
679,,2024/01/30,이슈앤비즈,"소프트랜더스, B2B 전용 '리로케이션 후불결제(BNPL)' 서비스 정식 출시",김하성,
680,,2024/01/30,플래텀,"소프트랜더스, B2B 전용 ‘리로케이션 후불결제’ 서비스 정식 출시",NA,
681,,2024/01/30,디스커버리뉴스,"소프트랜더스, B2B 전용 '리로케이션 후불결제(BNPL)' 서비스 정식 출시",정기환,
682,,2024/01/30,뉴스웍스,소프트랜더스 'BNPL 서비스',문병도,
683,와이오엘,2024/01/29,머니투데이,"해외운송 기술로 T3 획득…와이오엘, 기술특례상장 가능성 인정",최태범,
684,,2024/01/29,위클리오늘,"[위클리오늘] [스타트업] 와이오엘, 기술신용평가 T3 등급 획득",정영준,
685,,2024/01/29,로이슈,"AI 운송 플랫폼 ‘욜카고’ 운영사 와이오엘, 기술신용평가 T3 등급 획득",편도욱,
686,,2024/01/29,beSUCCESS,"AI 해외 운송 플랫폼 ‘욜카고’ 운영사 와이오엘, 기술신용평가 T3 등급 획득",NA,
687,,2024/01/29,이슈앤비즈,"AI 운송 플랫폼 '욜카고' 운영사 와이오엘, 기술신용평가 T3 등급 획득",김하성,
688,,2024/01/29,매일경제,"AI 운송 플랫폼 ‘욜카고’ 운영사 와이오엘, 기술신용평가 T3 등급 획득",조광현,
689,,2024/01/29,디스커버리뉴스,"AI 운송 플랫폼 '욜카고' 운영사 와이오엘, 기술신용평가 T3 등급 획득",정기환,
690,,2024/01/29,아시아경제,"AI 운송 플랫폼 운영사 와이오엘, 기술신용평가 T3 등급 획득",김철현,
691,,2024/01/29,지디넷코리아,"와이오엘 욜카고, 기술신용평가 T3 등급 획득",백봉삼,
692,,2024/01/29,벤처스퀘어,"욜카고 운영사 와이오엘, 기술신용평가 T3 등급 획득",오효진,
693,,2024/01/29,베타뉴스,"AI 운송 플랫폼 욜카고 운영사 와이오엘, 기술신용평가 T3 등급 획득",이승희,
694,,2024/01/29,데이터넷,"AI 운송 플랫폼 운영 '와이오엘', 기술신용평가 T3 등급 획득",강석오,
695,,2024/01/29,테크M,"와이오엘, 기술신용평가 'T3' 획득…AI 기술력 인정받았다",조성준,
696,,2024/01/29,테크월드,"AI 운송 플랫폼 '욜카고' 운영사 와이오엘, 기술신용평가 T3 등급 획득",박예송,
697,앰버로드,2024.01.10,한국경제,"AX'의 시대, 제조업 바꿀 벤처에 돈 몰린다",고은이,
698,리빗,2023.12.28,테크월드,"스파크랩, 기업용 스마트 탄소배출관리 솔루션 기업 '리빗'에 투자",서용하,
699,,2023.12.27,beSUCCESS,"기업용 탄소배출관리 솔루션 ‘리빗’, 시드 투자 유치",NA,
700,,2023.12.27,스타트업투데이,"스파크랩, 기업용 스마트 탄소배출관리 솔루션 기업 '리빗'에 시드 투자",한이서,
701,,2023.12.27,와우테일,"기업용 스마트 탄소배출관리 ‘리빗’, 스파크랩-플랜에이치서 시드 투자 유치",정명화,
702,,2023.12.27,메트로신문,"스파크랩, 기업용 스마트 탄소배출관리 솔루션 기업 '리빗'에 투자",최빛나,
703,,2023.12.27,한경잡앤조이,"[Start-up Invest] 스파크랩, 기업용 스마트 탄소배출관리 솔루션",강홍민,
704,,2023.12.27,위클리오늘,"[위클리오늘] [스타트업] 리빗, 스파크랩 등으로부터 시드 투자",이진우,
705,,2023.12.27,바이라인네트워크,"[투자소식] 스파크랩, 탄소배출관리 솔루션 리빗에 시드투자",남혜현,
706,,2023.12.27,한국경제,"스파크랩, 기업용 스마트 탄소배출관리 솔루션 기업 리빗에 투자",김주완,
707,,2023.12.27,아시아경제,"스파크랩, 기업용 탄소배출관리 솔루션 기업 '리빗'에 투자",김철현,
708,,2023.12.27,디스커버리뉴스,"스파크랩, 기업용 스마트 탄소배출관리 솔루션 기업 '리빗'에 투자",정기환,
709,,2023.12.27,이뉴스투데이,"스파크랩, 기업용 스마트 탄소배출관리 솔루션 기업 '리빗'에 투자",고선호,
710,,2023.12.27,데이터넷,"스파크랩, 기업용 스마트 탄소배출관리 솔루션 기업 '리빗' 투자",강석오,
711,,2023.12.27,머니투데이,"기업용 스마트 탄소배출관리 솔루션 '리빗', 시드투자 유치",남미래,
712,,2023.12.27,벤처스퀘어,"스파크랩, 리빗에 시드 투자 진행",오효진,
713,,2023.12.27,플래텀,"기업용 스마트 탄소배출관리 솔루션 기업 ‘리빗’, 스파크랩 등에서 시드투자",김문선,
714,,2023.12.27,베타뉴스,"스파크랩, 기업용 스마트 탄소배출관리 솔루션 기업 리빗에 투자",이승희,
715,,2023.12.27,지디넷코리아,"스파크랩, 탄소배출관리 솔루션 기업 '리빗' 투자",백봉삼,
716,,2023.12.27,이투데이,"스파크랩, 기업용 스마트 탄소배출관리 솔루션 기업 '리빗'에 투자",정수천,
717,,2023.12.27,뉴스웍스,[#IT라운지] 리빗 '투자유치',문병도,
718,,2023.12.27,매일경제,"스파크랩, 기업용 스마트 탄소배출관리 솔루션 기업 ‘리빗’에 투자",조광현,
719,앰버로드,2023.12.21,디지털투데이,"스파크랩, 제조 생산성 향상 AI 솔루션 '앰버로드'에 시드 투자",황치규,
720,,2023.12.21,위클리오늘,"[위클리오늘] [스타트업] 앰버로드, 9억 규모 시드 투자 유치",이진우,
721,,2023.12.21,beSUCCESS,"제조 생산성 향상 AI 솔루션 '앰버로드', 9억 원 규모 시드 투자",NA,
722,,2023.12.21,와우테일,"스마트 제조 공정 향상 '앰버로드', 시드 투자유치",정명화,
723,,2023.12.21,테크월드,"스파크랩, 제조 생산성 향상 AI 솔루션 '앰버로드'에 시드 투자",서용하,
724,,2023.12.21,데이터넷,"스파크랩, 제조 공정 생산성 솔루션 기업 '앰버로드'에 시드 투자",강석오,
725,,2023.12.21,한국경제,"스파크랩, 제조 생산성 향상 AI 솔루션기업 앰버로드에 시드 투자 [Geeks' Briefing]",김주완,
726,,2023.12.21,이슈앤비즈,"스파크랩, 제조 생산성 향상 AI 솔루션 '앰버로드'에 시드 투자",김하성,
727,,2023.12.21,이뉴스투데이,"스파크랩, 제조 생산성 향상 AI 솔루션 '앰버로드'에 시드 투자",고선호,
728,,2023.12.21,한경잡앤조이,[Start-up Invest] 제조 생산성 향상 AI 솔루션 ‘앰버로드’ 시드 투자 유치,강홍민,
729,,2023.12.21,머니투데이,"스마트 제조 스타트업 앰버로드, 9억원 시드투자 유치",남미래,
730,,2023.12.21,벤처스퀘어,"앰버로드, 9억원 시드 투자 유치",오효진,
731,,2023.12.21,베타뉴스,"스파크랩, 제조 생산성 향상 AI 솔루션 앰버로드에 시드 투자",이승희,
732,,2023.12.21,이투데이,"스파크랩, 제조 생산성 향상 AI 솔루션 ‘앰버로드’에 시드 투자",정수천,
733,,2023.12.21,뉴스웍스,[#IT라운지] 앰버로드 '투자 유치,문병도,
734,,2023.12.21,매일경제,"스파크랩, 제조 생산성 향상 AI 솔루션 ‘앰버로드’에 시드 투자",조광현,
735,,2023.12.21,플래텀,"제조 생산성 향상 AI 솔루션 ‘앰버로드’, 스파크랩 등에서 9억 원",김문선,
736,,2023.12.21,메트로신문,"스파크랩, 제조 생산성 향상 AI 솔루션 ‘앰버로드’에 시드 투자",최빛나,
737,아스타,2023.12.19,테크월드,"감성 콘텐츠 생성 AI 엔진 '아비카' 개발사 아스타, 중기부 팁스 선정",서용하,
738,,2023.12.19,아이티데일리,"감성 콘텐츠 AI '아비카' 개발사 아스타, 중기부 팁스 선정",김호준,
739,,2023.12.19,beSUCCESS,"감성 마케팅 콘텐츠 생성 AI ‘아비카’ 개발사 아스타, 중기부 팁스 선정",NA,
740,,2023.12.19,와우테일,"감성 콘텐츠 생성 AI 엔진 ‘아비카’ 개발사 아스타, 스파크랩 투자받아 팁스 선정",버섯돌이,
741,,2023.12.19,바이라인네트워크,"[투자소식] ‘아비카’ 개발사 아스타, 중기부 팁스 선정",성아인,
742,,2023.12.19,AI타임스,"아스타, 감성 콘텐츠 생성 AI 엔진 '아비카'로 팁스 선정",장세민,
743,,2023.12.19,지디넷코리아,"감성 콘텐츠 생성 AI 엔진 ‘아비카’ 개발사 아스타, 중기부 팁스 선정",백봉삼,
744,,2023.12.19,디스커버리뉴스,"감성 콘텐츠 생성 AI 엔진 '아비카' 개발사 아스타, 중기부 팁스 선정",정기환,
745,,2023.12.19,머니투데이,"감성콘텐츠 생성AI 엔진 '아비카' 개발사 아스타, 중기부 팁스 선정",남미래,
746,,2023.12.19,데이터넷,"아스타, 중기부 팁스 선정 … AI 카피라이팅 혁신 앞장",강석오,
747,,2023.12.19,베타뉴스,"감성 콘텐츠 생성 AI 엔진 아비카 개발사 아스타, 중기부 팁스 선정",이승희,
748,,2023.12.19,뉴스웍스,[#IT라운지] 카카오 '상생우수기업'·밀리 '독서 트렌트 리포트''카카오 다양...,문병도,
749,,2023.12.19,벤처스퀘어,"‘아비카’ 개발사 아스타, 중기부 팁스 선정",오효진,
750,,2023.12.19,매일경제,"생성 AI 엔진 ‘아비카’ 개발사 아스타, 중기부 팁스 선정",조광현,
751,,2023.12.19,플래텀,[이달의 TIPS] 아스타,NA,
752,스프링어게인,2023.12.14,쿠키뉴스,"스파크랩, 치매환자 관리 서비스 ‘다시봄’ 투자",최은희,
753,,2023.12.14,beSUCCESS,"치매 환자 돌봄 서비스 ‘다시봄’ 운영사 스프링어게인, 스파크랩으로부터 투자 유치",NA,
754,,2023.12.14,스타트업투데이,"스파크랩, 스프링어게인에 투자∙∙∙치매 환자 돌봄 서비스 ‘다시봄’ 운영",김지민,
755,,2023.12.14,와우테일,"치매 환자 돌봄 서비스 ‘다시봄’ 운영사 스프링어게인, 스파크랩서 투자 유치",정명화,
756,,2023.12.14,로이슈,"[산업 이슈] 사우디 산업광물자원부 장관, 두산에너빌리티 창원공장 방문 外",편도욱,
757,,2023.12.14,위클리오늘,"[위클리오늘] [스타트업] 스프링어게인, 스파크랩으로부터 시드 투자 유치",이진우,
758,,2023.12.14,지디넷코리아,"스파크랩, 치매 환자 돌봄 서비스 ‘다시봄’ 투자",백봉삼,
759,,2023.12.14,한국경제,스타트업 10곳 중 8곳은 수도권 위치…서울 강남·서초 절반 넘어 [Geeks' Briefing],김종우,
760,,2023.12.14,이슈앤비즈,"스파크랩, 치매 환자 돌봄 서비스 '다시봄' 운영사 스프링어게인에 투자",김하성,
761,,2023.12.14,머니투데이,"돌봄 보호자 위한 솔루션 '다시봄', 스파크랩서 투자유치",고석용,
762,,2023.12.14,베타뉴스,"스파크랩, 치매 환자 돌봄 서비스 다시봄 운영사 스프링어게인에 투자",이승희,
763,,2023.12.14,벤처스퀘어,"‘다시봄’ 운영사 스프링어게인, 스파크랩으로부터 투자 유치",오효진,
764,,2023.12.14,이뉴스투데이,"스파크랩, 치매 환자 돌봄 서비스 '다시봄' 운영사 스프링어게인에 투자",고선호,
765,,2023.12.14,플래텀,"치매 환자 돌봄 서비스 ‘다시봄’ 운영사 스프링어게인, 스파크랩서 투자 유치",김민정,
766,,2023.12.14,뉴시스,"홈앤쇼핑·토스뱅크, 협력사업 발굴…결제서비스도 개선[중기소식]",NA,
767,,2023.12.14,매일경제,"스파크랩, 치매 환자 돌봄 서비스 ‘다시봄’ 운영사 스프링어게인에 투자",조광현,
768,,2023.12.14,아시아경제,"스파크랩, 치매 환자 돌봄 서비스 운영사 스프링어게인에 투자",김철현,
769,,2023.12.14,파이낸셜뉴스,"[fn마켓워치]스파크랩, 치매 환자 돌봄·관리 서비스에 투자",강구귀,
770,히릿소프트,2023.12.04,아크로팬,"노코드 SaaS 스타트업 ‘히릿소프트’, 중기부 팁스(TIPS) 선정",NA,
771,,2023.12.04,beSUCCESS,"노코드 SaaS 플랫폼 ‘메이더’ 운영사 히릿소프트, 중기부 팁스 선정",NA,
772,,2023.12.04,와우테일,"히릿소프트, 팁스 선정… “노코드 SaaS 서비스 고도화”",다코스,
773,,2023.12.04,디스커버리뉴스,"히릿소프트', 중기부 팁스(TIPS) 선정",정기환,
774,,2023.12.04,테크월드,"노코드 SaaS 스타트업 '히릿소프트', 중기부팁스(TIPS) 선정",서용하,
775,,2023.12.04,아시아경제,"SW 스타트업 '히릿소프트', 중기부 팁스 선정",김철현,
776,,2023.12.04,지디넷코리아,"노코드 SaaS 스타트업 히릿소프트, 중기부 팁스 선정
",백봉삼,
777,,2023.12.04,한국경제,"""노코드로 3분내 앱 만든다""…히릿소프트, 팁스 선정 [김종우의 VC 투자노트]",김종우,
778,,2023.12.04,뉴스웍스,[#IT라운지] 히릿 '팁스 선정',문병도,
779,,2023.12.04,벤처스퀘어,"히릿소프트 ‘메이더’, 팁스 선정",오효진,
780,,2023.12.04,데이터넷,"노코드 SaaS 스타트업 '히릿소프트', 중기부 팁스 선정",강석오,
781,,2023.12.04,베타뉴스,"노코드 SaaS 스타트업 히릿소프트, 중기부 팁스 선정
",이승희,
782,임팩터스,2023.12.03,이데일리,[VC's Pick] 진로진학 에듀테크 ‘임팩터스’,김연지,
783,,2023.11.30,한경잡앤조이,"[Start-up Invest] 스파크랩, 에듀테크 스타트업 ‘임팩터스’에 시드 투자",강홍민,
784,,2023.11.30,지디넷코리아,"스파크랩, 에듀테크 스타트업 ‘임팩터스’에 시드 투자",백봉삼,
785,,2023.11.30,와우테일,"에듀테크 ‘임팩터스’, 스파크랩으로부터 시드 투자 유치",정명화,
786,,2023.11.30,머니투데이,"청소년기 진로·적성 찾아주는 '임팩터스', 스파크랩 시드투자 유치",최태범,
787,,2023.11.30,이투데이,"글로벌 액셀러레이터 스파크랩, 에듀테크 스타트업 ‘임팩터스’에 투자
",정수천,
788,,2023.11.30,한국경제,"[Geeks' Briefing] 스파크랩, 에듀테크 스타트업 임팩터스에 투자",김주완,
789,,2023.11.30,뉴시스,"부산창경센터 보육기업 '임팩터스', 시드 투자 유치",NA,
790,,2023.11.30,IT조선,"스파크랩, 에듀테크 스타트업 '임팩터스'에 시드 투자",홍주연,
791,,2023.11.30,베타뉴스,"스파크랩, 에듀테크 스타트업 임팩터스에 투자",이승희,
792,,2023.11.30,뉴스웍스,스파크랩 '임팩터스'에 투자…에듀테크 스타트업,문병도,
793,,2023.11.30,데이터넷,"스파크랩, 에듀테크 스타트업 '임팩터스'에 투자",강석오,
794,,2023.11.30,플래텀,"에듀테크 스타트업 ‘임팩터스’, 스파크랩에서 시드 투자유치",김문선,
795,,2023.11.30,이슈앤비즈,"글로벌 액셀러레이터 스파크랩, 에듀테크 스타트업 '임팩터스'에 시드 투자",김하성,
796,,2023.11.30,테크M,"스파크랩, 임팩터스에 시드 투자 단행…교육 확대 힘 싣는다",조성준,
797,,2023.11.30,뉴시스,"홈앤쇼핑, '땡큐 2023쇼핑감사제'…""현대차 캐스퍼 쏜다""[중기소식]",배민욱,
798,,2023.11.30,아시아경제,"스파크랩, 에듀테크 스타트업 ‘임팩터스’에 투자",김철현,
799,,2023.11.30,매일경제,"글로벌 액셀러레이터 스파크랩, 에듀테크 스타트업 ‘임팩터스’에 투자
",조광현,
800,슬로웨이브,2023.11.23,beSUCCESS,"뇌파 기반 수면 및 섬망 분석 기술 개발 ‘슬로웨이브’, 중기부 ‘딥테크 팁스’ 패스트트랙 선정",NA,
801,,2023.11.23,와우테일,"슬립테크 ‘슬로웨이브’, 딥테크 팁스 패스트트랙 선정",정명화,
802,,2023.11.23,한경잡앤조이,"‘슬로웨이브’, 중기부 ‘딥테크 팁스’ 패스트트랙 선정",강홍민,
803,,2023.11.23,이슈앤비즈,"슬립테크 스타트업 '슬로웨이브', 중기부 '딥테크 팁스' 패스트트랙 대성기업...",김하성,
804,,2023.11.23,테크월드,"슬립테크 스타트업 '슬로웨이브', 중기부 '딥테크 팁스' 패스트트랙 선정",서용하,
805,,2023.11.23,머니투데이,"슬립테크 슬로웨이브, 중기부 '딥테크 팁스' 패스트트랙 선정",김건우,
806,,2023.11.23,테크M,"슬로웨이브, 중기부 '딥테크 팁스' 패스트트랙 선정
",조성준,
807,,2023.11.23,베타뉴스,"슬로웨이브, 중기부 딥테크 팁스 패스트트랙 선정",이승희,
808,,2023.11.23,지디넷코리아,"슬로웨이브, 중기부 '딥테크 팁스' 패스트트랙 선정
",백봉삼,
809,,2023.11.23,벤처스퀘어,"슬로웨이브, 중기부 ‘딥테크 팁스’ 패스트트랙 선정",오효진,
810,,2023.11.23,플래텀,"[이달의 TIPS] 밀크코퍼레이션, 슬로웨이브, 라이터스컴퍼니",NA,
811,,2023.11.23,이투데이,"슬립테크 스타트업 ‘슬로웨이브’, 중기부 ‘딥테크 팁스’ 패스트트랙 선정",정수천,
812,,2023.11.23,뉴스웍스,"[#헬스콕] 슬로웨이브 '딥테크 팁스'

출처 : 뉴스웍스(http://www.newsworks.co.kr)",문병도,
813,커리어데이,2023.11.21,데이터넷,"전문가 사이드잡 플랫폼 '커리어데이', 중기부 팁스 선정",강석오,
814,,2023.11.21,머니투데이,"기업이 원하는 전문가 매칭 '커리어데이', 중기부 팁스 선정",최태범,
815,,2023.11.21,beSUCCESS,"전문가 사이드잡 플랫폼 ‘커리어데이’, 중기부 팁스 선정",NA,
816,,2023.11.21,와우테일,"전문가 사이드잡 ‘커리어데이’, 팁스 선정",정명화,
817,,2023.11.21,테크월드,전문가 사이드잡 플랫폼 '커리어데이' 중기부 팁스(TIPS) 선정,서용하,
818,,2023.11.21,서울경제,"전문가 '사이드 잡' 플랫폼 커리어데이, 중기부 팁스(TIPS) 선정",이덕연,
819,,2023.11.21,지디넷코리아,"전문가 사이드잡 플랫폼 '커리어데이', 중기부 팁스 선정",백봉삼,
820,,2023.11.21,베타뉴스,"전문가 사이드잡 플랫폼 커리어데이, 중기부 팁스 선정",이승희,
821,,2023.11.21,스포츠경향,전문가 사이드잡 플랫폼 ‘커리어데이’ 중기부 팁스(TIPS) 선정,생활경제부,
822,,2023.11.21,벤처스퀘어,"커리어데이, 중기부 ‘팁스’ 선정",오효진,
823,,2023.11.21,매일경제,"전문가 사이드잡 플랫폼 ‘커리어데이’, 팁스(TIPS) 선정",조광현,
824,,2023.11.21,플래텀,[이달의 TIPS] 커리어데이,NA,
825,아스타,2023.11.20,한경잡앤조이,"아스타, ‘2023 대한민국 지식재산대전’서 금·은·동 싹쓸이",강홍민,
826,,2023.11.20,데이터넷,"아스타, 감성 AI 엔진 ‘아비카’로 서울국제발명전시회 금·은·동상 수상",강석오,
827,,2023.11.20,머니투데이,"AI카피라이팅 '아비카', 서울 국제발명전시회 금·은·동상 수상",고석용,
828,,2023.11.20,AI타임스,"아스타, 감성 AI 엔진 ‘아비카’로 서울국제발명전시회 금·은·동 수상",장세민,
829,,2023.11.20,테크월드,"아스타, 감성 AI 엔진 ‘아비카’로 서울국제발명전시회 금·은·동상 수상",서용하,
830,,2023.11.20,지디넷코리아,"아스타, AI 엔진 '아비카' 서울국제발명전시회서 금·은·동 수상",백봉삼,
831,,2023.11.20,디지털데일리,"감성 AI 엔진 '아비카', 서울국제발명전시회서 금·은·동상 수상

",김보민,
832,,2023.11.20,디스커버리뉴스,"아스타, 감성 AI 엔진 ‘아비카’로 서울국제발명전시회 금·은·동상 수상",정기환,
833,,2023.11.20,베타뉴스,"아스타, 감성 AI 엔진 아비카로 서울국제발명전시회 금은동상 수상",이승희,
834,,2023.11.20,플래텀,"[스타트업 수상소식] 아스타, 감성 AI 엔진 ‘아비카’로 서울국제발명전시회 금·은·동상 수상

",NA,
835,,2023.11.20,벤처스퀘어,"아스타 개발 ‘아비카’, 서울국제발명전시회 금·은·동상 수상",오효진,
836,,2023.11.20,테크M,"""AI엔진에 감성을 담았다""…아스타, 국제발명전시회 금·은·동상 수상",조성준,
837,비트센싱,2023.11.17,머니투데이,"""반도체 소자로 이미징 레이더 최적화"" 비트센싱, 특허기술상 수상",고석용,
838,,2023.11.17,와우테일,"이미징 레이더 ‘비트센싱’, 2023 특허기술상 수상",정명화,
839,,2023.11.17,테크월드,"이미징 레이더 솔루션 기업 '비트센싱', 2023 특허기술상 수상",서용하,
840,,2023.11.17,디스커버리뉴스,"비트센싱', 2023 특허기술상 수상",정기환,
841,,2023.11.17,베타뉴스,"이미징 레이더 솔루션 기업 비트센싱, 2023 특허기술상 수상",이승희,
842,,2023.11.17,플래텀,"[스타트업 수상소식] 이미징 레이더 솔루션 기업 ‘비트센싱’, 2023 특허기술상 수상",NA,
843,,2023.11.17,메트로신문,이미징 레이더 솔루션 기업 '비트센싱' 2023 특허기술상 수상,최빛나,
844,,2023.11.17,에이빙뉴스,"비트센싱, 이미징 레이더 기술로 ‘2023 특허기술상’ 받아... ",박진선,
845,테이블로,2023.11.16,디지털투데이,"오프라인 주문 서비스 '테이블로, 프리 시리즈A 투자 유치",황치규,
846,,2023.11.16,데이터넷,"오프라인 주문 서비스 '테이블로', 프리 시리즈A 투자 유치",강석오,
847,,2023.11.16,beSUCCESS,"오프라인 주문 서비스 ‘테이블로’ 운영 창업인, 23억 원 규모의 프리 시리즈 A 투자 유치",NA,
848,,2023.11.16,와우테일,"오프라인 주문 ‘테이블로’, 23억원 규모 프리시리즈A 투자 유치",정명화,
849,,2023.11.16,한국경제,"[Geeks' Briefing] ‘테이블로’ 운영사 창업인, 23억 프리A 투자 유치",고은이,
850,,2023.11.16,파이낸셜뉴스,"[fn마켓워치]CJ·마그나, 오프라인 주문에 베팅",강구귀,
851,,2023.11.16,한경잡앤조이,"[Start-up Invest] 원스톱 주문 서비스 ‘테이블로’, 프리 시리즈A 투자 유치",강홍민,
852,,2023.11.16,벤처스퀘어,"창업인, 23억 원 투자 유치",강진희,
853,,2023.11.16,플래텀,"‘테이블로’ 운영사 ‘창업인’, 23억 원 규모 프리 A 투자 유치",김문선,
854,,2023.11.16,아시아경제,"오프라인 주문 서비스 '테이블로', 프리 시리즈A 투자 유치",김철현,
855,,2023.11.16,뉴시스,"""중소기업 판로 확대""…현대케피코, '동반성장몰' 운영[중기소식]",배민욱,
856,,2023.11.16,베타뉴스,"오프라인 주문 서비스 테이블로, 프리 시리즈A 투자 유치",이승희,
857,,2023.11.16,매일경제,"오프라인 주문 서비스 ‘테이블로’, 프리 시리즈A 투자 유치
",조광현,
858,,2023.11.16,이투데이,"오프라인 주문 서비스 ‘테이블로’, 프리 시리즈A 투자 유치
",정수천,
859,스플랩,2023.11.08,디지털투데이,"스플랩, 네트워킹 이벤트 전용 B2B SaaS '우모' 출시",황치규,
860,,2023.11.08,데이터넷,"스플랩, 네트워킹 이벤트 전용 B2B SaaS '우모' 출시",강석오,
861,,2023.11.08,바이라인네트워크,"스플랩, 온오프라인 커뮤니티 위한 네트워킹 플랫폼 '우모' 출시",성아인,
862,,2023.11.08,뉴시스,"올겨울 스킨케어는 ""슬로우에이징·닦토""…2030 구매 '쑥'[중기소식]",NA,
863,,2023.11.08,beSUCCESS,"스케줄링 자동화 툴 ‘센드타임’ 운영사 스플랩, 네트워킹 이벤트 솔루션 ‘우모’ 출시",NA,
864,,2023.11.08,플래텀,"[스타트업 단신] 스플랩, 네트워킹 이벤트 전용 B2B SaaS ‘우모’ 출시

",NA,
865,,2023.11.08,머니투데이,"스플랩, 온·오프라인 네트워킹 전용 솔루션 '우모' 출시",남미래,
866,,2023.11.08,베타뉴스,"스플랩, 네트워킹 전용 B2B SaaS 우모 출시",이승희,
867,,2023.11.08,뉴스웍스,[#IT라운지] 스플랩 '우모' 출시,문병도,
868,,2023.11.08,매일경제,"스플랩, 네트워킹 이벤트 전용 B2B SaaS ‘우모’ 출시",조광현,
869,,2023.11.08,이투데이,"스플랩, 네트워킹 이벤트 전용 B2B SaaS ‘우모’ 출시",정수천,
870,소프트랜더스,2023.11.03,플래텀,"[스타트업 단신] 리로케이션 플랫폼 ‘소프트랜더스’, 미국 진출 기업용 ‘DX 패키지’ 출시

",NA,
871,,2023.11.02,디지털투데이,"리로케이션 플랫폼 '소프트랜더스', 미국 진출 기업용 'DX 패키",황치규,
872,,2023.11.02,머니투데이,"美 파견직원 주거·근무환경 해결…소프트랜더스, DX 패키지 출시",최태범,
873,,2023.11.02,아주경제,"소프트랜더스, 미국 진출 기업 위한 'DX 패키지' 출시",윤선훈,
874,,2023.11.02,한경잡앤조이,"소프트랜더스, 미국 진출 기업용 ‘DX 패키지’ 출시···12월 말 한정판매",강홍민,
875,,2023.11.02,베타뉴스,"소프트랜더스, 미국 진출 기업용 DX 패키지 출시",이승희,
876,,2023.11.02,스포츠경향,"소프트랜더스, 미국 진출 기업용 ‘DX 패키지’ 출시",NA,
877,,2023.11.02,데이터넷,"리로케이션 플랫폼 ‘소프트랜더스’, 美 진출 기업용 ‘DX 패키지’ 출시",강석오,
878,,2023.11.02,디스커버리뉴스,"리로케이션 플랫폼 ‘소프트랜더스’, 미국 진출 기업용 ‘DX 패키지’ 출시",정기환,
879,,2023.11.02,매일경제,"리로케이션 플랫폼 ‘소프트랜더스’, 미국 진출 기업용 ‘DX 패키지’ 출시",조광현,
880,센스톤,2023.10.23,조선일보,"[쫌아는기자들] 머스크 “20%가 틀렸죠. 그런데, 내가 결정을 하지",임경업,
881,빌리오,2023.9.28,머니투데이,"4년새 4배 껑충' 유튜브 덕에 뜨는 '이 사업', 큰손들도 '기웃'",남미래,
882,댄스트럭트,2023.9.24,IT조선,"스파크랩, 댄스 콘텐츠 엔터 스타트업 댄스트럭트에 투자",변인호,
883,,2023.9.21,데일리팝,[스타트업 소식] 아임웹·스파크랩·바로고 外,정단비,
884,,2023.9.20,이투데이,"스파크랩, ‘아키드' 운영사 댄스트럭트에 투자",정수천,
885,,2023.9.19,스타트업투데이,"스파크랩, 댄스트럭트에 투자∙∙∙3D K팝 안무 콘텐츠 제작",신서경,
886,,2023.9.19,beSUCCESS,"3D K팝 안무 콘텐츠 제작·유통 솔루션 ‘아키드’ 운영 ‘댄스트럭트’, 스파크랩 등으로부터 투자유치",NA,
887,,2023.9.19,한국경제,"""K팝 안무 콘텐츠 3D로 팝니다""…댄스트럭트, 투자 유치",고은이,
888,,2023.9.19,한국경제,텍스트 넣으면 10초 만에 음악 생성…유럽 진출 스타트업 10곳은 어디 [Geeks' Briefing],허란,
889,,2023.9.19,뉴시스,"아이엘사이언스, '전고체 배터리' 상용화 기술개발 착수[중기소식]",배민욱,
890,,2023.9.19,ZDNet Korea,"스파크랩, K팝 안무 콘텐츠 솔루션 '아키드' 운영사 댄스트럭트 투자",백봉삼,
891,,2023.9.19,전자신문,"스파크랩, 3D 안무 콘텐츠 제작 솔루션 '아키드' 운영사 댄스트럭트",송윤섭,
892,,2023.9.19,머니투데이,"""K팝 댄스 '안무 저작권' 보장""…댄스트럭드, 초기 투자유치",최태범,
893,,2023.9.19,이슈앤비즈,"글로벌 액셀러레이터 스파크랩, '아키드' 운영사 댄스트럭트에 투자",김하성,
894,,2023.9.19,베타뉴스,"스파크랩, 아키드 운영사 댄스트럭트에 투자",이승희,
895,,2023.9.19,데이터넷,"글로벌 액셀러레이터 스파크랩, '아키드' 운영사 댄스트럭트에 투자",강석오,
896,,2023.9.19,플래텀,"‘아키드’ 운영사 ‘댄스트럭트’, 스파크랩 등에서 투자유치",김문선,
897,,2023.9.19,벤처스퀘어,"‘아키드’ 운영사 댄스트럭트, 투자 유치",오효진,
898,,2023.9.19,아시아경제,"스파크랩, '아키드' 운영사 댄스트럭트에 투자",김철현,
899,,2023.9.19,조선비즈,"스파크랩, 댄스 전문 엔터테인먼트 ‘댄스트럭트’에 투자",장우정,
900,,2023.9.19,매일경제,"글로벌 액셀러레이터 스파크랩, ‘아키드’ 운영사 댄스트럭트에 투자",조광현,
901,베이비빌리,2023. 9.01,머니투데이,"베이비빌리, 두두스토리와 함께 '신생아 발달 교구' 출시",남미래,
902,,2023. 9.01,데일리한국,"베이비빌리, 두두스토리와 신생아 발달 교구 출시",홍정표,
903,,2023. 9.01,뉴시스,"로보락, 국제가전박람회 IFA 참가…""기술력·신제품 공개""[중기소식]",NA,
904,,2023. 9.01,디스커버리뉴스,"베이비빌리 X 두두스토리, 콜라보로 신생아 발달 교구 출시",정기환,
905,,2023. 9.01,데이터넷,"베이비빌리·두두스토리, 신생아 발달 교구 출시",강석오,
906,,2023. 9.01,베타뉴스,"베이비빌리-두두스토리, 신생아 발달 교구 출시",이승희,
907,빌리오,2023. 9.27,한국경제,"""장안동 화이트톤 2층 아파트예요""…월 300만원 버는 비결 [긱스]",김종우,
908,,2023. 8.30,beSUCCESS,"크리에이터 공간 예약 앱 운영 ‘빌리오’, 팁스 선정",NA,
909,,2023. 8.29,와우테일,"크리에이터 공간 예약 앱 운영 ‘빌리오’, 팁스 선정",정명화,
910,,2023. 8.29,테크월드,"크리에이터 공간 예약 앱 운영 ‘빌리오’, 팁스(TIPS) 선정",서용하,
911,,2023. 8.29,머니투데이,"90만 크리에이터가 쓴 공간 예약 앱 '빌리오', 팁스(TIPS) 선정",남미래,
912,,2023. 8.29,이슈앤비즈,"크리에이터 공간 예약 앱 운영 ‘빌리오’, 팁스에 선정돼.. 크리에이터 필수 앱으로 도약",김하성,
913,,2023. 8.29,데이터넷,"크리에이터 공간 예약 앱 운영 '빌리오', 팁스 선정",강석오,
914,,2023. 8.29,베타뉴스,"크리에이터 공간 예약 앱 운영 빌리오, 팁스 선정",이승희,
915,,2023. 8.29,디스커버리뉴스,‘빌리오’ X 팁스(TIPS) 선정.. 앱 내 서비스 고도화 나서,정기환,
916,,2023. 8.29,뉴스웍스,[#IT라운지] 빌리오 '팁스',문병도,
917,,2023. 8.29,ZDNet Korea,"공간 예약 앱 빌리오, 중기부 팁스 선정",김성현,
918,,2023. 8.29,플래텀,"[이달의 TIPS] 스콘, 탄소중립연구원, 코드넛, 데이오프컴퍼니, 빌리오",NA,
919,아이클레이브,2023. 8.16,테크M,"[카드뉴스] 아이클레이브, AI 디자인 출시 '디자인 자동 제작 서비스",이아령,
920,,2023. 8.16,테크월드,"아이클레이브, 디자인 자동 제작 솔루션 '로보MD AI디자인'",서용하,
921,,2023. 8.14,beSUCCESS,"인공지능 스타트업 ‘아이클레이브’, 디자인 자동 제작 솔루션 ‘로보MD AI디자인’ 출시",NA,
922,,2023. 8.14,뉴시스,텍스트 입력하면 이미지 뚝딱…'로보MD AI디자인' 출시,이수정,
923,,2023. 8.14,데이터넷,"아이클레이브, 디자인 자동 제작 솔루션 '로보MD AI디자인' 출시",강석오,
924,,2023. 8.14,와우테일,"아이클레이브, 디자인 자동 제작 솔루션 '로보MD AI디자인' 출시",정명화,
925,,2023. 8.14,한국경제,서비스 고도화에 나선 왓챠…야놀자는 이용자 정보 보호 강화[Geeks' Briefing],김주완,
926,,2023. 8.14,머니투데이,"아이클레이브, 디자인 자동 제작 '로보MD AI디자인' 출시",고석용,
927,,2023. 8.14,아이티데일리,"아이클레이브, 디자인 자동 제작 서비스 ‘로보MD AI디자인’ 출시",김호준,
928,,2023. 8.14,테크M,"아이클레이브, 생성AI 기반 디자인 자동 제작 솔루션 선보인다",이영아,
929,,2023. 8.14,AI타임스,"아이클레이브, 로보MD 서비스 'AI 이미지 생성' 기능 강화",장세민,
930,,2023. 8.14,베타뉴스,"아이클레이브, 디자인 자동 제작 솔루션 로보MD AI디자인 서비스 출시",이승희,
931,,2023. 8.14,벤처스퀘어,"아이클레이브, ‘로보MD AI디자인’ 서비스 출시",오효진,
932,,2023. 8.14,매일경제,"아이클레이브, 디자인 자동 제작 솔루션 ‘로보MD AI디자인’ 서비스 출시",조광현,
933,,2023. 8.14,인공지능신문,"간단한 텍스트로 AI 생성 이미지와 디자인 제작·편집...아이클레이브, ‘로보MD AI디자인’ 서비스",전미준,
934,,2023. 8.14,디스커버리뉴스,"아이클레이브, 디자인 자동 제작 솔루션 ‘로보MD AI디자인’ 서비스 출시",정기환,
935,,2023. 8.14,플래텀,"[스타트업 단신] 아폴론, 미라파트너스, 아이클레이브, 위펀딩, 코드스테이츠",NA,
936,이퀄테이블,2023. 8.06,더스탁,폭염 뚫고 살아나는 주류·음료 스타트업 …잇따른 투자소식에,김동진,
937,,2023. 7.25,beSUCCESS,"탄소 저감 커피 브랜드 ‘내일의 커피’ 운영사 ‘이퀄테이블’, 스파크랩 등으로부터 투자 유치",NA,
938,,2023. 7.25,와우테일,"탄소 저감 커피 '내일의 커피' 운영사 이퀄테이블, 스파크랩 등서 투자 유치",정명화,
939,,2023. 7.25,한경잡앤조이,"스파크랩, ‘내일의 커피’ 운영사 이퀄테이블에 투자",강홍민,
940,,2023. 7.25,전자신문,"스파크랩, '내일의 커피' 운영사 이퀄테이블에 투자",송윤섭,
941,,2023. 7.25,한국경제,130억 투자 유치한 드림에이스…간호사 커뮤니티도 펀딩 성공[Geeks' Briefing],김종우,
942,,2023. 7.25,뉴시스,"힐링비트 개발' 스트레스솔루션, 5억원 시드 투자유치[중기소식]",이수정,
943,,2023. 7.25,테크M,"스파크랩, 탄소 저감 커피 '내일의 커피' 이퀄테이블 투자",이영아,
944,,2023. 7.25,머니투데이,"커피 소비에서 친환경 실천…스파크랩, '내일의 커피'에 투자",최태범,
945,,2023. 7.25,ZDNet Korea,"스파크랩, ‘내일의 커피’ 이퀄테이블 투자",백봉삼,
946,,2023. 7.25,한국경제,"스파크랩, ‘내일의 커피’ 운영사 이퀄테이블에 투자",김주완,
947,,2023. 7.25,블로터,"스파크랩, 탄소 저감 커피 구독 서비스 '내일의커피'에 투자 [넘버스]",황금빛,
948,,2023. 7.25,벤처스퀘어,"스파크랩, ‘내일의 커피’ 운영사 이퀄테이블에 투자",오효진,
949,,2023. 7.25,스포츠경향,"글로벌 엑셀레이터 스파크랩, ‘내일의 커피’ 운영사 이퀄테이블에 투자",생활경제부,
950,,2023. 7.25,데일리한국,"스파크랩, ‘내일의 커피’ 운영사 이퀄테이블에 투자",홍정표,
951,,2023. 7.25,MTN,"스파크랩, '내일의 커피' 운영사 이퀄테이블에 투자",김소현,
952,,2023. 7.25,데이터넷,"스타트업 엑셀레이터 스파크랩, '내일의 커피' 운영사 이퀄테이블에 투자",강석오,
953,,2023. 7.25,조선비즈,"스파크랩, ‘내일의 커피’ 운영사 이퀄테이블에 초기 투자",이은영,
954,,2023. 7.25,매일경제,"글로벌 엑셀레이터 스파크랩, ‘내일의 커피’ 운영사 이퀄테이블에 투자",조광현,
955,,2023. 7.25,아시아경제,"스파크랩, '내일의 커피' 운영사 이퀄테이블에 투자",김철현,
956,,2023. 7.25,베타뉴스,"스파크랩, 내일의 커피 운영사 이퀄테이블에 투자",이승희,
957,,2023. 7.25,뉴스웍스,"스파크랩, 이퀄테이블에 투자…구독형 서비스 '내일의 커피' 운영",문병도,
958,,2023. 7.25,플래텀,"‘내일의 커피’ 운영사 이퀄테이블, 스파크랩 등에서 투자유치",김문선,
959,슬로웨이브,2023. 7.09,IT조선,"[주간 스타트업 브리핑] 슬로웨이브, 시드투자 유치 성공",변인호,
960,,2023. 7.07,beSUCCESS,"뇌파 수면 분석 ‘슬로웨이브’, 시드 투자 유치",NA,
961,,2023. 7.07,더스탁,잠못드는 현대인 '꿀잠' 도와주는 슬립테크 스타트업,김동진,
962,,2023. 7.07,한국M&A경제신문,"슬립테크 스타트업 슬로웨이브, 시드 투자 유치∙∙∙기존 수면 검사 시스템 취약점 극복",이용준,
963,,2023. 7.07,와우테일,뇌파 기반 수면 분석 '슬로웨이브' 시드 투자유치,김태현,
964,,2023. 7.07,전자신문,"뇌파 수면 분석기업 슬로웨이브, 스파크랩 등으로부터 시드 투자",송윤섭,
965,,2023. 7.07,뉴시스,"""불면증 환자 수면 진단""…슬로웨이브, '시드 투자' 유치[중기소식]",배민욱,
966,,2023. 7.07,한국경제,"[Geeks' Briefing] 슬립테크 슬로웨이브, 시드 투자 유치",김종우,
967,,2023. 7.07,한국경제,"""수면은 미지의 영역"" 슬립테크 슬로웨이브, 시드 투자 유치",김종우,
968,,2023. 7.07,베타뉴스,"뇌파 기반 수면 분석기업 슬로웨이브, 시드 투자 유치",이승희,
969,,2023. 7.07,서울경제,"뇌파 기반 수면 분석' 슬로웨이브, 시드 투자 유치",박진용,
970,,2023. 7.07,이슈앤비즈,"뇌파 기반 수면 분석기업 '슬로웨이브', 시드 투자 유치",김하성,
971,,2023. 7.07,머니투데이,"뇌파 기반 수면 분석기업 '슬로웨이브', 시드 투자 유치",남미래,
972,,2023. 7.07,디스커버리뉴스,"뇌파 기반 수면 분석기업 '슬로웨이브', 시드 투자 유치",정기환,
973,,2023. 7.07,데이터넷,"슬립 테크 스타트업 '슬로웨이브', 시드 투자 유치",강석오,
974,,2023. 7.07,벤처스퀘어,"뇌파 기반 수면 분석기업 ‘슬로웨이브’, 투자 유치",오효진,
975,,2023. 7.07,디지털투데이,"뇌파 기반 수면 분석 기업 슬로웨이브, 시드 투자 유치",황치규,
976,,2023. 7.07,뉴스웍스,[#헬스콕] 슬로웨이브 '투자 유치',문병도,
977,,2023. 7.07,바이라인네트워크,"[투자소식] 뇌파 기반 수면 분석기업 ‘슬로웨이브’, 시드 유치",남혜현,
978,,2023. 7.07,플래텀,"뇌파 기반 수면 분석기업 ‘슬로웨이브’, 시드 투자 유치",최원희,
979,,2023. 7.07,매일경제,"뇌파 기반 수면 분석기업 ‘슬로웨이브’, 시드 투자 유치",조광현,
980,베이비빌리,2023. 7.05,와우테일,"빌리지베이비, 가입자 55만 돌파.. 동남아 비중 23% 달해",김태현,
981,,2023. 7.05,뉴시스,"""메틸화 마커로 대장암·폐암 진단""…EDGC, 특허 출원[중기소식]",NA,
982,,2023. 7.05,ZDNet Korea,"베이비빌리 ""전년 보다 월활성이용자·매출 2배 이상 상승”",백봉삼,
983,,2023. 7.05,디스커버리뉴스,"베이비빌리, ‘2023 상반기 결산 리포트’ 발표",정기환,
984,,2023. 7.05,베타뉴스,"베이비빌리, 2023 상반기 결산 리포트 발표",이승희,
985,,2023. 7.05,벤처스퀘어,"베이비빌리, ‘2023 상반기 결산 리포트’ 발표",오효진,
986,,2023. 7.05,매일경제,"베이비빌리, ‘2023 상반기 결산 리포트’ 발표",조광현,
987,,2023. 7.05,머니투데이,"임신·육아 정보 플랫폼 '베이비빌리', 누적 다운로드 95만건 돌파",남미래,
988,,2023. 7.05,플래텀,"베이비빌리, ‘2023 상반기 결산’…다운로드 95만 건, 가입자 수 55만 명",NA,
989,벳플럭스,2023. 7.04,beSUCCESS,"AI 챗봇 기반 동물병원 운영 플랫폼 ‘늘펫플러스’ 운영사 ‘벳플럭스’, 팁스 선정",NA,
990,,2023. 7.04,와우테일,동물병원 업무 자동화 ‘벳플럭스’ 팁스 선정,김태현,
991,,2023. 7.04,AI타임스,"벳플럭스, AI 동물병원 관리 플랫폼으로 팁스 선정",장세민,
992,,2023. 7.04,이슈앤비즈,"AI 챗봇 기반 동물병원 고객 관리 플랫폼 운영사 ‘벳플럭스’, 팁스(TIPS)에 선정돼",김하성,
993,,2023. 7.04,디스커버리뉴스,"AI 챗봇 기반 동물병원 고객 관리 플랫폼 운영사 ‘벳플럭스’, 팁스(TIPS) 선정",정기환,
994,,2023. 7.04,스포츠경향,"AI챗봇 기반 동물병원 고객 관리 플랫폼 ‘벳플럭스’, 팁스 (TIPS) 선정",생활경제부,
995,,2023. 7.04,데이터넷,"벳플럭스, 중기부 '팁스' 선정…연구개발비 최대 5억 혜택",강석오,
996,,2023. 7.04,뉴스웍스,[#IT라운지] KT '1551 국번'·SKT '공공기관 탄소절감'·U+-숭실대 '정보보호 인재육성'·KT '로밍 이벤트',문병도,
997,,2023. 7.04,매일경제,"AI 챗봇 기반 동물병원 고객 관리 플랫폼 운영사 ‘벳플럭스’, 팁스(TIPS) 선정",조광현,
998,,2023. 7.04,벤처스퀘어,"‘늘펫플러스’ 운영 벳플럭스, 팁스(TIPS) 선정",오효진,
999,,2023. 7.04,베타뉴스,"AI 챗봇 기반 동물병원 고객 관리 플랫폼, 벳플럭스 팁스 선정",이승희,
1000,,2023. 7.04,머니투데이,"AI 챗봇 기반 동물병원 고객관리 플랫폼 '벳플럭스', 팁스 선정",남미래,
1001,커리어데이,2023. 6.17,이투데이,커리어데이ㆍ더슬립팩토리ㆍ부커스 등…6월 3주 스타트업 투자 유치,김우람,
1002,,2023. 6.15,이데일리,"[마켓인]전문가 네트워크 플랫폼 ‘커리어데이’, 11억 시드 투자 마무리",김연지,
1003,,2023. 6.14,beSUCCESS,"경력직 인재 연결 플랫폼 ‘커리어데이’, 11억 원 시드 투자 유치",NA,
1004,,2023. 6.14,와우테일,"전문가 네트워크 '커리어데이', 11억원 시드 투자 유치",정명화,
1005,,2023. 6.14,지디넷코리아,"커리어데이, 11억원 시드 투자 유치 마무리",백봉삼,
1006,,2023. 6.14,전자신문,"전문가 네트워크 플랫폼 커리어데이, 총 11억 시드 투자 유치",송윤섭,
1007,,2023. 6.14,테크M,"전문가 네트워크 플랫폼 '커리어데이', 11억원 투자 유치",이영아,
1008,,2023. 6.14,뉴시스,"핏펫, 누적투자 900억원 달성…커리어데이, 시드 마무리",이수정,
1009,,2023. 6.14,이슈앤비즈,"전문가 네트워크 플랫폼 '커리어데이', 11억원 시드 투자 유치",김하성,
1010,,2023. 6.14,한경잡앤조이,"[Start-up Invest] 전문가 네트워크 플랫폼 '커리어데이', 11억원 시드 투자 유치",강홍민,
1011,,2023. 6.14,디스커버리뉴스,"전문가 네트워크 플랫폼 '커리어데이', 11억원 시드 유치",정기환,
1012,,2023. 6.14,벤처스퀘어,"커리어데이, 4억원 규모 추가 시드 투자 유치",오효진,
1013,,2023. 6.14,데이터넷,"전문가 네트워크 플랫폼 '커리어데이', 누적 11억 시드 투자 마무리",강석오,
1014,,2023. 6.14,베타뉴스,"커리어데이, 11억 원 시드 투자 유치",이승희,
1015,,2023. 6.14,플래텀,"전문가 네트워크 플랫폼 ‘커리어데이’, 4억 원 추가 투자유치…11억 원 규모로 시드 라운드 클로징",최원희,
1016,,2023. 6.14,파이낸셜뉴스,"[fn마켓워치]디캠프·신보·유성전자, '전문가 네트워크 플랫폼'에 투자",강구귀,
1017,,2023. 6.14,머니투데이,"투잡' 뛰는 전문가 HR 매칭 '커리어데이', 11억 시드투자 마무리",남미래,
1018,,2023. 6.14,매일경제,"전문가 네트워크 플랫폼 ‘커리어데이’, 11억원 시드 투자 유치",조광현,
1019,,2023. 6.14,아시아경제,"전문가 플랫폼 커리어데이, 11억원 시드 투자 유치",김철현,
1020,그로스핏,2023. 5.31,로이슈,"[IT이슈] CJ CGV, 신세계백화점과 업무 협약 체결 外",편도욱,
1021,,2023. 5.31,전자신문,"그로스핏, 애널리틱스 연계 프로젝트 협업툴 출시",송윤섭,
1022,,2023. 5.31,뉴시스,"로켓펀치, 채용연계 취업지원 프로그램 '취준PT' 출시[중기소식]

",권안나,
1023,,2023. 5.31,바이라인네트워크,"그로스핏, 애널리틱스 연계한 프로젝트 협업툴 출시",남혜현,
1024,,2023. 5.31,테크M,"그로스핏, 프로젝트 협업툴 출시...마케팅 효율 극대화",이영아,
1025,,2023. 5.31,디스커버리뉴스,"그로스핏, 애널리틱스 연계한 프로젝트 협업툴 출시.. 프로젝트 업무 일원화",정기환,
1026,,2023. 5.31,데이터넷,"그로스핏, 애널리틱스 연계 프로젝트 협업툴 출시",강석오,
1027,,2023. 5.31,베타뉴스,"그로스핏, 애널리틱스 연계한 프로젝트 협업툴 출시",이승희,
1028,,2023. 5.31,ZDNet Korea,"그로스핏, 업무 효율 높이는 협업툴 출시",백봉삼,
1029,,2023. 5.31,스포츠경향,"그로스핏 , 애널리틱스 연계한 프로젝트 협업툴 출시",NA,
1030,,2023. 5.31,플래텀,"[스타트업 단신] 플리토, 알리콘, 필로토, 쏘카, 바비톡, 패스트포워, 룩코, 
제이앤피메디, 앙트러리얼리티, 팀민트, 그로스핏
",NA,
1031,플루언트,2023. 5.31,CBC뉴스,플루언트 전예찬 대표 “국내 및 글로벌 시장 진출...버추얼 휴먼 혁신 이끌어 갈 것”,김민철,
1032,,2023. 5.30,beSUCCESS,"디지털 휴먼 모션 생성 솔루션 ‘플루언트’, 팁스 선정",NA,
1033,,2023. 5.30,전자신문,"디지털 휴먼 모션 생성 솔루션 플루언트, 중기부 팁스 선정",송윤섭,
1034,,2023. 5.30,머니투데이,"특별한 장치 없이 가상인간 구현…플루언트, 중기부 팁스 선정",최태범,
1035,,2023. 5.30,ZDNet Korea,"디지털 휴먼 모션 생성 솔루션 플루언트, 팁스 선정",백봉삼,
1036,,2023. 5.30,뉴시스,"알레르망, '냉감 침구' 인기…최대 50% 할인 프로모션[중기소식]

",권안나,
1037,,2023. 5.30,와우테일,"디지털 휴먼 모션 생성 ‘플루언트’, 팁스 선정",정명화,
1038,,2023. 5.30,이슈앤비즈,"디지털 휴먼 모션 생성 솔루션 '플루언트', 팁스(TIPS)에 선정돼",김하성,
1039,,2023. 5.30,Ai타임스,"플루언트, '디지털 휴먼 모션' 기술로 팁스 선정",장세민,
1040,,2023. 5.30,데이터넷,"디지털 휴먼 모션 생성 솔루션 ‘플루언트’, 중기부 팁스 선정",강석오,
1041,,2023. 5.30,베타뉴스,"디지털 휴먼 모션 생성 솔루션 플루언트, 팁스 선정",이승희,
1042,,2023. 5.30,벤처스퀘어,"디지털 휴먼 모션 생성 ‘플루언트’, 팁스 선정",오효진,
1043,,2023. 5.30,디스커버리뉴스,"디지털 휴먼 모션 생성 솔루션 '플루언트', 팁스(TIPS) 선정",정기환,
1044,,2023. 5.30,매일경제,"디지털 휴먼 모션 생성 솔루션 ‘플루언트’, 팁스(TIPS) 선정",조광현,
1045,,2023. 5.30,뉴스웍스,[#IT라운지] U+ '사장님 인터넷 프로모션'·'KT 브릿지랩'·샘 알트만 '대담',문병도,
1046,,2023. 5.17,플래텀,"[이달의 TIPS] 패션에이드, 아이비즈온, 스매시, 딥세일즈, 온잇코리아, 메타캠프, 비바라비다, 보살핌, 제클린, 플루언트",NA,
1047,플레이키보드,2023. 5.22,뉴시스,"""커피, 구독해 드세요""…블리스, 서비스 지역 전국 확대[중기소식]

",권안나,
1048,,2023. 5.22,데이터넷,"플레이키보드, 넥슨 대표 캐릭터 ‘아로나’ 키보드 누적 다운 20만 달성",강석오,
1049,,2023. 5.22,테크M,"플레이키보드, 넥슨 '아로나' 키보드 화제…20만 다운로드",이영아,
1050,,2023. 5.22,로이슈,"플레이키보드, 넥슨 대표 캐릭터 ‘아로나' 키보드 누적 다운로드 20만 달성",편도욱,
1051,,2023. 5.22,ZDNet Korea,"플레이키보드, 넥슨 '아로나' 키보드 누적 다운로드 20만 돌파",백봉삼,
1052,,2023. 5.22,머니투데이,"플레이키보드, 넥슨 '아로나' 키보드 누적 다운로드 20만 달성",남미래,
1053,,2023. 5.22,스포츠경향,"플레이키보드, ‘블루 아카이브 키보드’ 누적 다운로드 20만 돌파",NA,
1054,,2023. 5.22,디스커버리뉴스,"플레이키보드, 넥슨 대표 캐릭터 ‘아로나' 키보드 누적 다운로드 20만 달성",정기환,
1055,,2023. 5.22,뉴스웍스,[#IT라운지] KT '5G 에그 2'·'스포키' 1572만명 방문·카카오 'MVP 파트너스데이',문병도,
1056,,2023. 5.22,플래텀,"[스타트업 단신] 백패커, 레드윗, 비트바이트, 브라운백, 누트컴퍼니, 반프",NA,
1057,,2023. 5.22,베타뉴스,"플레이키보드, 넥슨 캐릭터 아로나 키보드 누적 다운로드 20만 달성",이승희,
1058,,2023. 5.22,매일경제,"플레이키보드, 넥슨 대표 캐릭터 ‘아로나’ 키보드 누적 다운로드 20만 달성",조광현,
1059,데이터빈,2023. 4.18,beSUCCESS,"데이터센터 친환경 냉각 시스템 제조사 ‘데이터빈’, 팁스 선정",NA,
1060,,2023. 4.18,전자신문,"데이터빈, 중기부 창업 지원 팁스 프로그램 선정",송윤섭,
1061,,2023. 4.18,머니투데이,"친환경 냉각기술 기업 '데이터빈', 팁스 선정…최대 5억 지원",남미래,
1062,,2023. 4.18,이뉴스투데이,"스마트 박스 침지냉각 시스템 제조사 '데이터빈', 팁스 선정",고선호,
1063,,2023. 4.18,데이터넷,"데이터빈, 중기부 '팁스' 선정…R&D 자금 최대 5억 지원",강석오,
1064,,2023. 4.18,베타뉴스,"스마트 박스 침지냉각 시스템 제조사 데이터빈, 팁스 선정",이승희,
1065,,2023. 4.18,뉴스웍스,데이터빈 '팁스' 선정…스마트 박스 침지냉각 시스템 개발,문병도,
1066,,2023. 4.18,매일경제,"스마트 박스 침지냉각 시스템 제조사 ‘데이터빈’, 팁스 선정",조광현,
1067,,2023. 4.18,디스커버리뉴스,"스마트 박스 침지냉각 시스템 제조사 '데이터빈', 팁스 선정",정기환,
1068,,2023. 4.10,플래텀,"[이달의 TIPS] 헤드리스, 바틀, 두게더, 해처리, 에피젠, 워키도키, 에스머티리얼, 클라코퍼레이션, 마이페어, 브이플레이트, 데이터빈",NA,
1069,나디오,2023. 4.13,연합뉴스,"오디오플랫폼 '나디오' ""개인 AI목소리 콘텐츠 제작서비스 출시""",임성호,
1070,,2023. 4.13,beSUCCESS,"오디오 콘텐츠 플랫폼 ‘나디오‘, AI 보이스 폰트 제작 서비스 ‘나디오 스튜디오’ 베타 버전 출시",NA,
1071,,2023. 4.13,매일경제,"나디오, 개인의 AI 보이스 폰트가 탑재된 ‘나디오 스튜디오’ 베타 버전 출시",조광현,
1072,,2023. 4.13,머니투데이,"나디오, 개인 AI 보이스 폰트 기반 '나디오 스튜디오' 베타버전 출시",남미래,
1073,,2023. 4.13,지디넷코리아,"나디오, 오디오 콘텐츠 제작 서비스 ‘나디오 스튜디오’ 출시",백봉삼,
1074,,2023. 4.13,전자신문,"나디오, 개인 AI 보이스 폰트 탑재한 '나디오 스튜디오' 베타 버전 출시",송윤섭,
1075,,2023. 4.13,데이터넷,"나디오, 개인 AI 보이스 폰트 탑재 ‘나디오 스튜디오’ 베타 출시",강석오,
1076,,2023. 4.13,베타뉴스,"개인 AI 보이스 폰트 탑재, 나디오 스튜디오 베타 버전 출시",이승희,
1077,,2023. 4.13,디지털투데이,"나디오, 개인 AI 보이스 폰트 기반 콘텐츠 제작 서비스 베타 버전 출시",황치규,
1078,,2023. 4.13,게임포커스,"나디오, 개인의 AI 보이스 폰트가 탑재된 '나디오 스튜디오' 베타 버전 출시",박종민,
1079,,2023. 4.13,디스커버리뉴스,"나디오, 개인의 AI 보이스 폰트가 탑재된 ‘나디오 스튜디오’ 베타 버전 출시",정기환,
1080,,2023. 4.13,인공지능신문,개인 고유의 목소리 AI 음성합성기술로 폰트화한 API 서비스 공개,전미준,
1081,,2023. 4.13,플래텀,"[스타트업 단신] 브릿지코드, 와디즈, 마켓보로, 스퀴즈비츠, 이어가다, 팀스파르타, 딥브레인AI",NA,
1082,,2023. 4.13,로이슈,"[IT이슈] 쇼골프, ‘메디힐·한국일보 챔피언십'서 론치모니터 '미보 레인지' 선보여 外",편도욱,
1083,,2023. 4.13,뉴시스,내 목소리로 만든 보이스폰트…'나디오 스튜디오' 출시[중기소식],권안나,
1084,빌리오,2023. 3.15,플래텀,"[스타트업 단신] 코드박스, 윙잇, 아토스터디, 스픽이지랩스, 빌리오",NA,
1085,,2023. 3.15,베타뉴스,"빌리오-플레이타운, 크리에이터 콘텐츠 제작 환경 지원 업무협약 체결",이승희,
1086,,2023. 3.15,지디넷코리아,"빌리오-플레이타운, 크리에이터 콘텐츠 제작 환경 지원 맞손",백봉삼,
1087,,2023. 3.15,로이슈,"[IT이슈] 위메이드 나일(NILE), NFTFi 서비스 ‘네이트 스테이션’ 공개 外",편도욱,
1088,,2023. 3.15,뉴스웍스,[#IT라운지] KT '울트라 콘서트'·U+ '외국어 채팅 상담'·윌라 '신작',백진호,
1089,,2023. 3.15,벤처스퀘어,"빌리오, 플레이타운과 '크리에이터 콘텐츠 제작 환경 지원' 나서",강진희,
1090,,2023. 3.15,디스커버리뉴스,"빌리오 X 플레이타운, 크리에이터 콘텐츠 제작 환경 지원 위한 업무협약 체결",정기환,
1091,,2023. 3.15,뉴시스,"HTC, '바이브 XR 엘리트' 공급…씨넥스존과 총판 계약[중기소식]",권안나,
1092,,2023. 3.15,머니투데이,크리에이터 최대 고민 '공간' 문제 푼다…빌리오·플레이타운 맞손,최태범,
1093,,2023. 3.15,데이터넷,"빌리오·플레이타운, 크리에이터 콘텐츠 제작 환경 지원 맞손",강석오,
1094,,2023. 3.15,한국경제,"아이유 추리닝 만든 이 회사, 몸값 7000억 됐다 [Geeks' Briefing]",최다은,
1095,요쿠스,2023. 3. 10,이슈앤비즈,"동영상 솔루션 '요쿠스', ‘화웨이 클라우드’와 MOU… 태국 시작으로 해외 시장 본격 진출",김하성,
1096,,2023. 3. 10,한국경제,"동영상 솔루션 기업 요쿠스, 화웨이 클라우드와 MOU",김주완,
1097,,2023. 3. 10,지디넷코리아,"요쿠스, ‘화웨이 클라우드’ 쓴다",백봉삼,
1098,,2023. 3. 10,게임포커스,"동영상 솔루션 요쿠스, 화웨이 클라우드와 MOU... 동남아시아 지역에 혁신적 서비스 선보인다",박종민,
1099,,2023. 3. 10,뉴스웍스,[#IT라운지] 카카오메이커스 '누적 거래액'·플로 '밀리 전용관'·클래스101 '무한 PASS',백진호,
1100,,2023. 3. 10,머니투데이,"동영상 솔루션 '요쿠스', 화웨이 클라우드와 MOU…동남아 시장 공략",남미래,
1101,,2023. 3. 10,연합뉴스,"동영상 솔루션 기업 '요쿠스', 화웨이 클라우드와 파트너십",임성호,
1102,,2023. 3. 10,디스커버리뉴스,"동영상 솔루션 '요쿠스', ‘화웨이 클라우드’와 MOU… 태국 시작으로 동남아 최적화 실시",정기환,
1103,,2023. 3. 10,벤처스퀘어,"요쿠스, 화웨이 클라우드와 전략적 파트너십 체결",강진희,
1104,,2023. 3. 10,테크M,"동영상 솔루션 기업 요쿠스, '화웨이 클라우드' 쓴다",이영아,
1105,,2023. 3. 10,베타뉴스,"요쿠스, 화웨이 클라우드와 MOU 체결",이승희,
1106,,2023. 3. 10,데이터넷,"요쿠스, 화웨이 클라우드와 제휴로 동영상 서비스 강화",강석오,
1107,,2023. 3. 10,이데일리,"동영상 기술 스타트업 요쿠스, 화웨이 클라우드와 MOU",김국배,
1108,액스,2023. 3. 6,이데일리,"트래블 액티비티 솔루션 ‘액스’, 대규모 클라우드 업데이트",정다슬,
1109,,2023. 3. 6,뉴시스,학점은행 원격교육…'휴넷평생교육원' 3월 개강반 모집[중기소식],권안나,
1110,,2023. 3. 6,디스커버리뉴스,"트래블 액티비티 솔루션 ‘액스’, 서비스 전면 개편… 다량 상품 등록 및 글로벌 동시",정기환,
1111,,2023. 3. 6,테크M,여행 액티비티 솔루션 '액스' 새단장...글로벌 판로 확대한다,이영아,
1112,,2023. 3. 6,머니투데이,"활짝 열린 여행길…액티비티 솔루션 액스, 서비스 전면 개편",김태현,
1113,,2023. 3. 6,벤처스퀘어,"여행 액티비티 GDS '액스', AX Cloud 서비스 전면 개편",강진희,
1114,,2023. 3. 6,뉴스웍스,[#꿀신상#꿀혜택] 전자랜드 '봄격세일'·63레스토랑 '신메뉴'·액스 '서비스 개편',문병도,
1115,,2023. 3. 6,지디넷코리아,"여행 액티비티 솔루션 ‘액스’, 서비스 개편",백봉삼,
1116,,2023. 3. 6,베타뉴스,"액스 서비스 개편, 다량 상품 등록 및 글로벌 동시 판매",이승희,
1117,,2023. 3. 6,매일경제,"트래블 액티비티 솔루션 ‘액스’, 서비스 전면 개편",조광현,
1118,,2023. 3. 6,플래텀,"[스타트업 단신] 쏘카, 룩핀, 서핏, 버킷플레이스, 액스, 베어로보틱스",NA,
1119,,2023. 3. 6,로이슈,"[생활경제 이슈] 갤러리아, 美 파이브가이즈 국내 1호점 6월말 강남 오픈 外",편도욱,
1120,스플랩,2023. 2. 21,이슈앤비즈,에니아이ㆍ구하다ㆍ플루언트ㆍ스플랩등 유망 스타트업 투자 유치 잇따라(상보),김하성,
1121,플루언트,2023. 2. 21,이데일리,AI 기반 3D 모션캡쳐 전문기업 '플루언트' 시드 투자 유치,김성훈,
1122,,2023. 2. 21,한경잡앤조이,"[Start-up Invest] 3D 아바타 모션캡쳐 '플루언트', 시드 투자 유치",강홍민,
1123,,2023. 2. 21,벤처스퀘어,"한국투자액셀러레이터, 3D 모션캡처 전문기업 '플루언트'에 투자",강진희,
1124,,2023. 2. 21,한국경제,"AI가 표정 분석해 아바타 만든다…플루언트, 시드 투자 유치",최다은,
1125,,2023. 2. 21,매일경제,"AI기반 3D 모션캡쳐 전문기업 ‘플루언트’, 시드 투자 유치",조광현,
1126,,2023. 2. 21,파이낸셜뉴스,"[fn마켓워치]한투AC·스파크랩, 'AI 3D 모션캡쳐'에 투자",강구귀,
1127,스플랩,2023. 2. 16,매일경제,"스케줄링 자동화 솔루션 ‘센드타임’, 스파크랩 등에서 시드 투자 유치",조광현,
1128,,2023. 2. 16,한경잡앤조이,"[Start-up Invest] 스케줄 관리해주는 ‘센드타임’, 시드 투자 유치",강홍민,
1129,,2023. 2. 16,뉴시스,"클라우드호스피탈, 20억 투자 유치…스플랩도 자금 확보",배민욱,
1130,,2023. 2. 16,전자신문,"스플랩, 스파크랩 등에서 시드 투자 유치",조재학,지면 10면 2단 함께 게재 
1131,,2023. 2. 16,이슈앤비즈,"스케줄링 자동화 솔루션 ‘센드타임’, 스파크랩 등에서 시드 투자 유치",김하성,
1132,,2023. 2. 16,이데일리,"스케줄링 자동화 솔루션 ‘센드타임’, 스파크랩 등에서 시드 투자 유치",정다슬,
1133,,2023. 2. 16,벤처스퀘어,"센드타임 운영사 스플램, 시드 투자 유치",강진희,
1134,,2023. 2. 16,지디넷코리아,"스케줄링 자동화 솔루션 '센드타임', 시드 투자 유치",백봉삼,
1135,,2023. 2. 16,디스커러비뉴스,"스케줄링 자동화 솔루션 ‘센드타임’, 스파크랩 등에서 시드 유치",정기환,
1136,,2023. 2. 16,테크M,"스케줄링 자동화 솔루션 '센드타임', 시드 투자 유치",이영아,
1137,,2023. 2. 16,베타뉴스,"스플랩, 스파크랩 등에서 시드 투자 유치",이승희,
1138,,2023. 2. 16,데이터넷,"스플랩, 시드 투자 유치 … 글로벌 진출 기반 다져",강석오,
1139,,2023. 2. 16,머니투데이,"스케줄링 자동화 솔루션 '센드타임', 스파크랩 등서 시드투자 유치",남미래,
1140,,2023. 2. 16,뉴스웍스,[#IT라운지] KT '임대료 감면'·핑크퐁 '서울시 감사패'·투비 '넥사크로 N+챗GPT',문병도,
1141,,2023. 2. 16,플래텀,"스케줄링 자동화 솔루션 ‘센드타임’ 운영사 스플랩, 스파크랩 등에서 시드 투자 유치",김민정,
1142,페오펫,2023. 2. 7,IT비즈뉴스,"페오펫, 비문 인식 기술 스타트업 ‘펫츠랩’ 인수",최태우,
1143,,2023. 2. 7,디스커버리뉴스,"페오펫, 반려동물 비문 인식 기술 스타트업 ‘펫츠랩’ 인수",정기환,
1144,,2023. 2. 7,조선비즈,"페오펫, 반려동물 비문 인식 기술 스타트업 ‘펫츠랩’ 인수",이은영,
1145,,2023. 2. 7,매일경제,"페오펫, 반려동물 비문 인식 기술 스타트업 ‘펫츠랩’ 인수",신유경,
1146,,2023. 2. 7,한국경제,"""AI 챗봇과 놀면서 영어공부 하세요"" [Geeks' Briefing]",김종우,
1147,,2023. 2. 7,머니투데이,"""반려동물 생체인증 고도화, 유기문제 해결"" 페오펫, 펫츠랩 인수",최태범,
1148,,2023. 2. 7,베타뉴스,"페오펫, 반려동물 비문 인식 기술 스타트업 펫츠랩 인수",이승희,
1149,,2023. 2. 7,벤처스퀘어,"페오펫, 반려동문 비문인식 기업 '펫츠랩' 인수",강진희,
1150,,2023. 2. 7,뉴시스,"페오펫, '반려동문 비문인식 기술' 스타트업 펫츠렙 인수",이수정,
1151,,2023. 2. 7,전자신문,"페오펫, 반려동물 비문 인식기술 '펫츠랩' 인수",조재학,
1152,,2023. 2. 7,지디넷코리아,"페오펫, 반려동물 비문 인식 기술 스타트업 ‘펫츠랩’ 인수",김성현,
1153,,2023. 2. 7,데이터넷,"페오펫, 반려동물 비문 인식 기술 스타트업 ‘펫츠랩’ 인수",강석오,
1154,,2023. 2. 7,한경잡앤조이,"페오펫, 반려동물 비문 인식 기술 스타트업 ‘펫츠랩’ 인수",강홍민,
1155,,2023. 2. 7,플래텀,"페오펫, 반려동물 비문 인식 기술 스타트업 ‘펫츠랩’ 인수",김민정,
1156,빔스튜디오,2023. 2. 6,제주교통복지신문,"故 배우 박윤배 딸 박혜미 만남, AI 딥페이크 기술 상용화 입장",최서아,
1157,,2023. 2. 6,국제뉴스,"故 배우 박윤배 딸 박혜미 만남, AI 딥페이크 기술 상용화 입장",한경상,
1158,,2023. 2. 6,브릿지경제,[비바100] 고인(故人)을 다시 만난다… 생사를 뛰어넘은 '디지털 불멸',박준영,
1159,,2023. 2. 4,뉴시스,"""마치 살아있는 응삼이와 대화하듯""…전원일기 동료들 감동시킨 디지털휴먼 기술",오동현,
1160,빌리오,2023. 2. 3,더스탁,공간운용 다각화로 수익창출' 프롭테크 스타트업들 잇따라 거액 투자 유치 성공,김동진,
1161,빔스튜디오,2023. 1. 30,플래텀,"[스타트업 단신] 그렙, 조인앤조인, 와디즈, 빔스튜디오, 피플스테크",NA,
1162,,2023. 1. 30,베타뉴스,"빔스튜디오, 실시간 AI 딥페이크 솔루션 상용화 실시",이승희,
1163,,2023. 1. 30,OSEN,故 박윤배 디지털 휴먼 '화제'..4일만에 조회수 400만 돌파,지민경,
1164,,2023. 1. 30,데이터넷,"디지털 휴먼 스타트업 ‘빔스튜디오‘, 실시간 AI 딥페이크 솔루션 상용화",강석오,
1165,,2023. 1. 30,정보통신신문,"‘빔스튜디오‘, 실시간 AI 딥페이크 솔루션 상용화",박남수,
1166,,2023. 1. 30,인공지능신문,"AI스타트업 빔스튜디오, 디지털 휴먼 '실시간 AI 딥페이크' 솔루션 상용화!",전미준,
1167,,2023. 1. 30,머니투데이,"전원일기 '응삼이' 故박윤배 부활시킨 가상인간 기술, 상용화된다",최태범,
1168,,2023. 1. 30,디스커버리뉴스,"‘빔스튜디오‘, 실시간 AI 딥페이크 솔루션 상용화 실시",정기환,
1169,,2023. 1. 30,아이뉴스24,400만 돌파한 故 박윤배 디지털 휴먼…제작 기술 상용화,문영수,
1170,,2023. 1. 30,스포츠경향,"디지털 휴먼 스타트업 ‘빔스튜디오’, 실시간 AI 딥페이크 솔루션 상용화",조진호,
1171,,2023. 1. 30,한국경제,전원일기 '응삼이' 부활시켰다…가상인간 '실시간 소통' 상용화,고은이,
1172,,2023. 1. 30,지디넷코리아,"디지털 휴먼 빔스튜디오, 실시간 AI 딥페이크 솔루션 상용화",백봉삼,
1173,,2023. 1. 30,데일리포스트,"빔스튜디오, 故박윤배 가상인간 통해 ‘실시간 AI 딥페이크 솔루션’ 상용화 성공",곽민구,
1174,,2023. 1. 30,디스패치,"빔스튜디오, 故 박윤배 디지털휴먼 개발…4일 만에 조회수 400만 돌파",송수민,
1175,,2023. 1. 30,MTN,"디지털 휴먼 '빔스튜디오', 실시간 AI 딥페이크 솔루션 상용화",박지웅,
1176,,2023. 1. 30,이데일리,전원일기 '응삼이' 부활시킨 ‘빔스튜디오‘..실시간 AI 딥페이크 상용화,이현아,
1177,,2023. 1. 30,한경잡앤조이,"딥페이크 기술로 故 박윤배 씨 구현한 ‘빔스튜디오’, 실시간 AI 딥페이크 솔루션 상용화",강홍민,
1178,,2023. 1. 30,뉴시스,"디월트, 5.0Ah 용량 '파워스택 리튬이온 배터리' 출시[중기소식]",권안나,
1179,,2023. 1. 30,바이라인네트워크,"빔스튜디오, 고 박윤배 배우 가상인간 구현 성공",이대호,
1180,,2023. 1. 30,중앙일보,"부활한 '응삼이' 등장, 김수미 말문 못 뗐다…4일새 400만 조회",배재성,
1181,,2023. 1. 30,뉴스웍스,[#IT라운지] U+-매일헬스 '리턴 프로젝트'·카카오톡 쇼핑하기 '요일별 테마딜'·윌라 '썸타임즈' 공개,백진호,
1182,베이비빌리,2023. 1. 27,이슈앤비즈,"임신, 육아 앱 ‘베이비빌리’, 2023년 육아 시장 트렌드 리포트 발표...주부들 관심 집중",김하성,
1183,,2023. 1. 27,디스커버리뉴스,"베이비빌리, 데이터 기반으로 2023 육아 시장 트렌드 리포트 ‘RABBIT’ 발표",정기환,
1184,,2023. 1. 27,아시아경제,"육아앱 베이비빌리 ""올해 육아 트렌드는 RABBIT""",최유리,
1185,,2023. 1. 27,이투데이,베이비빌리 “육아템 구매시 주변 조언·리뷰 참고 비중 높아”,조성준,
1186,,2023. 1. 27,베타뉴스,"베이비빌리, 2023년 육아 시장 트렌드 리포트 발표",이승희,
1187,,2023. 1. 27,뉴시스,"테팔, 인스타그램샵 운영…텐바이텐 '최대 40% 할인전'[중기소식]",배민욱,
1188,,2023. 1. 27,지디넷코리아,"베이비빌리, 2023 육아 시장 트렌드 리포트 'RABBIT' 발표",백봉삼,
1189,,2023. 1. 27,한국경제,토종 스타트업 '에미상' 수상…몸집 키우는 '온라인 클래스' 플랫폼[Geeks' Briefing],NA,
1190,빌리오,2023. 1. 26,동아일보,"[주간투자동향] 피플펀드, 247억 원 규모의 추가 투자 유치",권명관,
1191,,2023. 1. 20,한국경제,"한의사 70%가 쓰는 커뮤니티, 100억원 '러브콜' [이번주 VC 투자]",김종우,
1192,,2023. 1. 19,플래텀,"크리에이터 대상 공간 예약앱 ‘빌리오’, 인포뱅크로부터 프리A 투자 유치",김민정,
1193,,2023. 1. 19,스포츠경향,"크리에이터 대상 공간 예약앱 ‘빌리오’, 인포뱅크로부터 프리A 투자 유치", NA,
1194,,2023. 1. 19,아이뉴스24,"크리에이터 공간 예약앱 '빌리오', 인포뱅크로부터 프리A 투자 유치",문영수,
1195,,2023. 1. 19,베타뉴스,"크리에이터 대상 공간 예약앱 빌리오, 인포뱅크로부터 프리A 투자 유치",이승희,
1196,,2023. 1. 19,아시아경제,"크리에이터 공간 예약 '빌리오', 프리A 투자 유치",김철현,
1197,,2023. 1. 19,전자신문,"크리에이터 대상 공간 예약앱 '빌리오', 인포뱅크로부터 프리A 투자 유치",성현희,
1198,,2023. 1. 19,지디넷코리아,"창작자 공간 예약 앱 빌리오, 프리A 투자 유치",김성현,
1199,,2023. 1. 19,이슈앤비즈,"크리에이터 대상 공간 예약앱 ‘빌리오’, 인포뱅크로부터 프리A 투자 유치",김하성,
1200,,2023. 1. 19,머니투데이,"3억명 크리에이터 위한 공간예약' 빌리오, 프리A 투자유치",고석용,
1201,,2023. 1. 19,뉴스1,"크리에이터 공간 예약 '빌리오', 프리A 투자 유치",이기범,
1202,,2023. 1. 19,디스커버리뉴스,"‘빌리오’, 인포뱅크로부터 프리A 투자 유치",정기환,
1203,,2023. 1. 19,벤처스퀘어,"인포뱅크, 공간 예약 앱 운영사 '빌리오'에 투자",강진희,
1204,,2023. 1. 19,한경잡앤조이,"[Start-up Invest] 스튜디오·음악연습실 예약 서비스 빌리오, 프리A 투자 유치",강홍민,
1205,,2023. 1. 19,매일경제,크리에이터 공간 예약앱 ‘빌리오’ 프리A 투자 유치,이덕주,
1206,,2023. 1. 19,바이라인네트워크,"크리에이터 공간 예약앱 ‘빌리오’, 프리A 투자 유치",이대호,
1207,,2023. 1. 19,파이낸셜뉴스,"[fn마켓워치]인포뱅크, 크리에이터 공간 예약 앱에 '베팅'",강구귀,
1208,,2023. 1. 19,한국경제,직장인 행복도 1위 기업은 구글코리아…2위는? [Geeks' Briefing],김종우,
1209,,2023. 1. 19,로이슈,"[IT이슈] 펄어비스, 한국마이크로소프트와 기술 협력 및 글로벌 공동 마케팅 업무협약 체결 外",편도욱,