No.,Date,Media,Headline,Journalist,Type,Angle,Remark
1,2026/7/2,매일경제,"글로벌 중고명품 플랫폼 패피스, A라운드 브릿지 투자 유치",이영욱,언급,A라운드 투자사로 스파크랩 언급,
2,2026/6/30,플래텀,"라이다 대신 카메라, 로보택시 대신 트럭…마스오토의 9년",손요한,언급,스파크랩 5기 데모데이 언급,
3,2026/6/30,캐어유뉴스,"[창업] 국내외 벤처투자사 13곳과 1대1 무료 상담, 디캠프 7월 오피스아워 참가팀 모집",김형래,언급,투자 기업으로 스파크랩 언급,
4,2026/6/29,IT동아,“번역만 해선 수출 못 합니다” 웹소설 해외 진출 문턱 낮추는 하이브마인드 ‘오로라’ [ICT이노베이션스퀘어확산사업],김예지,언급,스파크랩 육성 기업 소개,
5,2026/6/24,국제뉴스,"충북대 RISE사업단, 이화여대와 'BLOOM Alliance' 개최",이재기,언급,투자 분야 전문가로 스파크랩 벤처본부 상무 언급,
6,2026/6/22,스타트업레시피,[이번주행사] AWC 2026‧SVC Seoul 벤처파크,이석원,언급,부산대학교 창업지원단과 스파크랩 공동 개최한 '창업톡' 행사 언급,
7,2026/6/18,매일경제,국경에 가로막힌 IT 자산 가격 불균형을 해킹하다,양재필,언급,글로벌 엑셀러레이터로 스파크랩 언급,
8,2026/6/15,매일경제,"아보랩스, AI로 언어 교육의 판을 뒤집다",양재필,언급,아보랩스 투자사로 스파크랩 언급,
9,2026/6/9,중앙일보,"[강광우의 혁신창업의 길] 신경근육에 센서 부착, 근감소증 진단의 새 장 열어",강광우,언급,창업 동기 중 스파크랩 데모데이 언급,
10,2026/6/2,뉴스투데이,"‘글로벌 역물류’ 케이존, 63억 규모 시리즈B 투자 유치",임성지,언급,시드 투자 유치 기업 중 스파크랩 언급,
11,2026/5/29,이투뉴스,"서울창조경제혁신센터, 시리즈A 세컨더리 사각지대 해소 앞장서는 '제14회 S.Lounge' 성료",이재욱,언급,16개 투자 기관 중 하나로 스파크랩 언급,
12,2026/5/18,벤처스퀘어,"“AI·핀테크·플랫폼 스타트업 총출동”…벤처스퀘어 오픈IR 성료, 퍼스트밸류 1위",한혜선,언급,심사위원으로 스파크랩 이희윤 상무 언급,
13,2026/5/15,뉴스토마토,모두의 창업' 지원자 6만명 돌파…막판 장애에 20시까지 마감 연장,변소인,언급,지원 기관별 통계 중 스파크랩 언급,
14,2026/5/12,아시아경제,"""1인 창업가에 꽂혔다""…AC 업계, AI 시대 '솔로프러너' 발굴 속도",최호경,언급,스파크랩 액셀러레이팅 프로그램 '스파크클로' 및 김호민 대표 쿼트 언급,
15,2026/5/11,벤처스퀘어,“스타트업 성장 무대 만든다”…배민스타트업스퀘어서 열리는 벤처스퀘어 오픈IR,한혜선,언급,심시위원단 내 스파크랩 이희윤 상무 언급,
16,2026/5/8,동아일보,"“AI팀원 이끄는 1인 창업자, 유니콘 기업 만드는 시대 왔다”",전혜진,인터뷰,김호민 스파크랩 대표 인터뷰 게재,
17,2026/5/7,동아일보,AI가 바꾼 창업 지형…노트북 하나로 ‘AI 팀원’ 꾸린다,전혜진,인터뷰,김호민 스파크랩 대표 인터뷰 게재,
18,2026/4/30,매일경제,제13회 세컨더리 Private IR(S.Lounge) 성료,이경섭,언급,주요 투자 기관 중 스파크랩 언급,
19,2026/4/29,동아일보,"[주간스타트업동향] 세컨신드롬, 미니창고 다락 누적 회원수 10만명 돌파 外",김영우,보도자료(단신),"스파크랩, 1인 AI 네이티브 창업 지원 프로그램 '스파크클로(Spark Claw)' 론칭",
20,2026/4/29,IT동아,"[주간스타트업동향] 세컨신드롬, 미니창고 다락 누적 회원수 10만명 돌파 外",김영우,보도자료(단신),"스파크랩, 1인 AI 네이티브 창업 지원 프로그램 '스파크클로(Spark Claw)' 론칭",
21,2026/4/29,IT타임스,"스파크랩, AI 창업가 육성 프로그램 론칭",김종효,보도자료,"스파크랩, 1인 AI 네이티브 창업 지원 프로그램 '스파크클로(Spark Claw)' 론칭",
22,2026/4/29,AI타임스,"""AI 1인 창업가를 잡아라""...국내 액셀러레이터 선점 경쟁 치열",김해원,기획(언급),스파크클로 프로그램 언급,
23,2026/4/29,이데일리,[마켓인]한일 넘어 대만까지…동아시아 벤처벨트 구축하는 VC들,박소영,언급,스파크랩 대만 언급,
24,2026/4/28,IT타임스,"스파크랩, 1인 AI 네이티브 창업 지원 프로그램 '스파크클로' 론칭",Kunyoung Kim,보도자료,"스파크랩, 1인 AI 네이티브 창업 지원 프로그램 '스파크클로(Spark Claw)' 론칭",
25,2026/4/28,비석세스,"글로벌 액셀러레이터 ‘스파크랩’, 1인 AI 창업가 육성 프로그램 ‘스파크클로(Spark Claw)’ 론칭 ",NA,보도자료,"스파크랩, 1인 AI 네이티브 창업 지원 프로그램 '스파크클로(Spark Claw)' 론칭",
26,2026/4/28,머니투데이,"""혼자서도 유니콘 가능한 시대""…스파크랩, '1인 AI 창업자' 키운다",송정현,보도자료,"스파크랩, 1인 AI 네이티브 창업 지원 프로그램 '스파크클로(Spark Claw)' 론칭",
27,2026/4/28,디지털투데이,"스파크랩, 1인 AI 네이티브 창업 지원 프로그램 '스파크클로' 띄운다",황치규,보도자료,"스파크랩, 1인 AI 네이티브 창업 지원 프로그램 '스파크클로(Spark Claw)' 론칭",
28,2026/4/28,유니콘팩토리,"""혼자서도 유니콘 가능한 시대""…스파크랩, '1인 AI 창업자' 키운다",송정현,보도자료,"스파크랩, 1인 AI 네이티브 창업 지원 프로그램 '스파크클로(Spark Claw)' 론칭",
29,2026/4/28,매일경제,"스파크랩, 1인 AI 네이티브 창업 지원 프로그램 ‘스파크클로’ 론칭",이영욱,보도자료,"스파크랩, 1인 AI 네이티브 창업 지원 프로그램 '스파크클로(Spark Claw)' 론칭",
30,2026/4/28,디스커버리뉴스,"스파크랩, 1인 AI 창업 지원 프로그램 ‘스파크클로’ 론칭",정기환,보도자료,"스파크랩, 1인 AI 네이티브 창업 지원 프로그램 '스파크클로(Spark Claw)' 론칭",
31,2026/4/28,와우테일,"스파크랩, 1인 AI 네이티브 창업자 전문 액셀러레이팅 프로그램 ‘스파크클로’ 론칭",정명화,보도자료,"스파크랩, 1인 AI 네이티브 창업 지원 프로그램 '스파크클로(Spark Claw)' 론칭",
32,2026/4/28,아시아경제,"스파크랩, 1인 AI 기반 창업 프로그램 '스파크클로' 출시",최호경,보도자료,"스파크랩, 1인 AI 네이티브 창업 지원 프로그램 '스파크클로(Spark Claw)' 론칭",
33,2026/4/28,벤처스퀘어,"스파크랩, ‘1인 AI 창업’에 베팅…에이전틱 시대 맞춤 프로그램 ‘스파크클로’ 론칭",이재희,보도자료,"스파크랩, 1인 AI 네이티브 창업 지원 프로그램 '스파크클로(Spark Claw)' 론칭",
34,2026/4/28,플래텀,"스파크랩, 1인 AI 창업자 전용 액셀러레이팅 프로그램 ‘스파크클로’ 론칭…최대 1억 투자·5억 AI 인프라 지원",NA,보도자료,"스파크랩, 1인 AI 네이티브 창업 지원 프로그램 '스파크클로(Spark Claw)' 론칭",
35,2026/4/28,스타트업레시피,"[AI서머리] 스파크랩, 1인 AI 네이티브 창업 지원 프로그램 론칭‧에이아이웍스, 에이전트리거 출시",이석원,보도자료(단신),"스파크랩, 1인 AI 네이티브 창업 지원 프로그램 '스파크클로(Spark Claw)' 론칭",
36,2026/4/28,베타뉴스,"스파크랩, 1인 AI 네이티브 창업 지원 프로그램 스파크클로 론칭",이승희,보도자료,"스파크랩, 1인 AI 네이티브 창업 지원 프로그램 '스파크클로(Spark Claw)' 론칭",
37,2026/4/27,K스타트업밸리,"스파크랩, 1인 AI 창업 지원 ‘스파크클로’ 론칭… “AI가 곧 팀원인 시대”",Jo kim,보도자료,"스파크랩, 1인 AI 네이티브 창업 지원 프로그램 '스파크클로(Spark Claw)' 론칭",
38,2026/4/20,이데일리,[마켓인] 창업 고수들 모인 모두의창업…멘토 면면 살펴보니,원재연,언급,AC 멘토 기관으로 스파크랩 언급 ,
39,2026/4/20,디지털타임스,"두피 바이오부터 K-홈쿡까지… 라이프스타일 스타트업 4사, VC 앞에 서다",구본규,언급,국내 대표 액셀러레이터이자 심사 파트너사로 스파크랩 언급,
40,2026/4/20,아시아경제,"동의대 창업보육센터, 부산기술창업투자원장 특강·간담회",김용우,언급,투자기관으로 스파크랩 언급,
41,2026/4/14,IT동아,"서울과학기술대학교, ""대한민국 제조 창업의 지속성 위해 끝까지 지원한다""",이문규,언급,서울과기대 메이커스페이스 협력사로 스파크랩 언급,
42,2026/4/15,매일경제,서울 20개 창업 지원기관 ‘모두의 창업’ 설명회 개최,이경섭,언급,서울지역 운영기관 중 스파크랩 언급,
43,2026/4/10,포브스코리아,"스파크랩, 'K-스타트업 그랜드 챌린지'서 2년 연속 상위 기업 배출",이병준,자체 유가배포,스파크랩 보육기업 '폴리머라이즈' 및 '바이온'의 'K-스타트업 그랜드 챌린지'에서 상위권 차지,
44,2026/4/7,동아일보,"라스트스프링, 브릿지 투자 25억 유치… 글로벌 사업 확장 이어간다",윤우열,언급,투자사 중 스파크랩 언급,
45,2026/4/6,한국경제,[단독] '1500억대 엑시트' 펫사업가…이번엔 K뷰티 드라이브,권용훈,언급, '포들' 투자사로 스파크랩 언급,
46,2026/4/1,IT동아,"[주간스타트업동향] 채널코퍼레이션, 렛서와 고객사 'AI 네이티브' 지원 협력 外",김영우,보도자료(단신),"스파크랩, 창업 오디션 모두의 창업 운영 기관으로 선정",
47,2026/3/31,K스타트업밸리,"“아이디어만 있으면 누구나 주인공”... 스파크랩, ‘모두의 창업’ 대장정 시작",Jo kim,보도자료,"스파크랩, 창업 오디션 모두의 창업 운영 기관으로 선정",
48,2026/3/30,유니콘팩토리,"스파크랩, 대국민 창업 오디션 '모두의 창업' 맡는다",류준영,보도자료,"스파크랩, 창업 오디션 모두의 창업 운영 기관으로 선정",
49,2026/3/30,머니투데이,"스파크랩, 대국민 창업 오디션 '모두의 창업' 맡는다",류준영,보도자료,"스파크랩, 창업 오디션 모두의 창업 운영 기관으로 선정",
50,2026/3/30,한스경제,"스파크랩, 창업 오디션 '모두의 창업' 운영기관 선정",김종효,보도자료,"스파크랩, 창업 오디션 모두의 창업 운영 기관으로 선정",
51,2026/3/30,벤처스퀘어,"스파크랩, 중소벤처기업부 ‘모두의 창업’ 운영기관으로 선정",강진희,보도자료,"스파크랩, 창업 오디션 모두의 창업 운영 기관으로 선정",
52,2026/3/30,비석세스,"액셀러레이터 ‘스파크랩’, 중기부 대국민 창업 오디션 ‘모두의 창업’ 운영기관 선정",NA,보도자료,"스파크랩, 창업 오디션 모두의 창업 운영 기관으로 선정",
53,2026/3/30,뉴스탭,"스파크랩, 중기부 ‘모두의 창업’ 운영 맡는다…5000명 창업 도전자 지원",이준문,보도자료,"스파크랩, 창업 오디션 모두의 창업 운영 기관으로 선정",
54,2026/3/30,지디넷코리아,"스파크랩, 대국민 창업 오디션 '모두의 창업' 운영기관에 선정",백봉삼,보도자료,"스파크랩, 창업 오디션 모두의 창업 운영 기관으로 선정",
55,2026/3/30,매일경제,"스파크랩, 대국민 창업 오디션 ‘모두의 창업’ 운영기관 선정",이영욱,보도자료,"스파크랩, 창업 오디션 모두의 창업 운영 기관으로 선정",
56,2026/3/30,뉴스웍스,"스파크랩, 대국민 창업 오디션 '모두의 창업' 운영기관 선정",문병도,보도자료,"스파크랩, 창업 오디션 모두의 창업 운영 기관으로 선정",
57,2026/3/30,디스커버리뉴스,"스파크랩, 중기부 대국민 창업 오디션 ‘모두의 창업’ 운영기관 선정",정기환,보도자료,"스파크랩, 창업 오디션 모두의 창업 운영 기관으로 선정",
58,2026/3/30,데이터넷,"스파크랩, 대국민 창업 오디션 ‘모두의 창업’ 운영기관으로 선정",강석오,보도자료,"스파크랩, 창업 오디션 모두의 창업 운영 기관으로 선정",
59,2026/3/30,테크42,"스파크랩, ‘모두의 창업’ 운영기관 선정…국가 창업 오디션 본격 가동",황정호,보도자료,"스파크랩, 창업 오디션 모두의 창업 운영 기관으로 선정",
60,2026/3/30,스타트업투데이,"스파크랩, 320여 개 스타트업 투자 경험 살려 ‘모두의 창업’ 도전자 육성 나선다",최슬기,보도자료,"스파크랩, 창업 오디션 모두의 창업 운영 기관으로 선정",
61,2026/3/30,플래텀,"스파크랩, ‘모두의 창업’ 운영기관 선정…10년 액셀러레이팅 경험 투입",NA,보도자료,"스파크랩, 창업 오디션 모두의 창업 운영 기관으로 선정",
62,2026/3/30,스타트업레시피,"[AI서머리] 대웅제약, 디지털 헬스케어 투자 성과 첫 공개‧언더독스, 2026 액션웨비나 마무리",이석원,보도자료(단신),"스파크랩, 창업 오디션 모두의 창업 운영 기관으로 선정",
63,2026/3/30,이데일리,"[마켓인] 스파크랩, 대국민 창업 오디션 '모두의 창업' 운영기관으로 선정",김연지,보도자료,"스파크랩, 창업 오디션 모두의 창업 운영 기관으로 선정",
64,2026/3/30,베타뉴스,"스파크랩, 창업 오디션 모두의 창업 운영기관으로 선정",이승희,보도자료,"스파크랩, 창업 오디션 모두의 창업 운영 기관으로 선정",
65,2026/3/30,비욘드포스트,"(주)포항연합기술지주, 정부 '모두의 창업 프로젝트' 운영기관 선정",이봉진,언급,국내 주요 대기업 및 투자기관 중 스파크랩 언급,
66,2026/3/26,매일경제,"서울창조경제혁신센터, ‘S. Lounge 세컨더리 투자 Private IR 12th’ 성료",최은화,언급,"주요 AC, VC, 투자기관 중 스파크랩 언급",
67,2026/3/25,매일경제,혁신창업가 5000명 발굴 … 오디션 1위땐 상금 10억,"이유진, 양세호",언급,지역별 대표 보육 기관으로 스파크랩 언급,
68,2026/3/20,한경머니,"매니패스트 주식회사, 글로벌창업사관학교 최종 선정",NA,언급,미국계 액셀레이터로 스파크랩 언급,
69,2026/3/20,에이빙뉴스,"위베어소프트, WIS 2026서 SSL 자동화 솔루션 'CertBear' 공개... ""47일 시대 인증서 관리 혁신""",최민,언급,투자 유치 기업 중 스파크랩 언급,
70,2026/3/9,MTN뉴스,"""SW 기획도 AI로 한번에""…매니패스트 정식 출시",김경문,언급,매니패스트 투자사로 스파크랩 언급,
71,2026/3/6,더벨,"웨이센, 연말 상장 추진...삼호그린인베 회수 가시권",김호현,언급,언급,
72,2026/3/4,블로터,"경북·포스코 벤처펀드, 지원 7개사 모두 숏리스트 선정",박재형,언급,투자사 중 스파크랩파트너스 언급,
73,2026/3/3,전자신문,"씨엔티테크, IT기기 순환경제 플랫폼 '피에로컴퍼니' 투자…스파크랩 공동 참여",성현희,타사배포,스파크랩-피에로컴퍼니 투자,
74,2026/3/3,서울경제,취임 2주년 맞은 성래은 패션협회장 “글로벌 시장 확장 가속화”,김연하,언급,투자 분야 회사 중 스파크랩 언급,
75,2026/2/9,IT동아,"[주간투자동향] 디자인앤프랙티스, 151억 원 규모 시리즈A 투자 유치 外",한만혁,보도자료(단신),스파크랩-팀카이 투자,
76,2026/2/5,디지털투데이,[엔터프라이즈핫이슈] '오픈클로'가 뭐길래...피지컬 AI 동맹 확산,황치규,보도자료(단신),스파크랩-팀카이 투자,
77,2026/2/1,IT타임스,"스파크랩, 고객 상담 AI 에이전트 운영사 '팀카이'에 시드 투자",Kunyoung Kim,보도자료,스파크랩-팀카이 투자,
78,2026/2/1,유니콘팩토리,방산·모빌리티에 100억 '뭉칫돈'…초기·중후기 벤처 투자 활발,송정현,보도자료,스파크랩-팀카이 투자,
79,2026/2/1,머니투데이,방산·모빌리티에 100억 '뭉칫돈'…초기·중후기 벤처 투자 활발,송정현,보도자료,스파크랩-팀카이 투자,
80,2026/1/31,이데일리,[VC’s Pick]‘항공·방산·차량 관리’ 등 국내외 SI들 줄줄이 베팅,박소영,보도자료,스파크랩-팀카이 투자,
81,2026/1/29,뉴스탭,"스파크랩, 고객 상담 AI 에이전트 기업 ‘팀카이’에 시드 투자",이준문,보도자료,스파크랩-팀카이 투자,
82,2026/1/29,스타트업레시피,"[AI서머리] ‘팀카이’ 시드 투자 유치‧피처링, ‘2026 청년일자리 강소기업’ 선정",이석원,보도자료,스파크랩-팀카이 투자,
83,2026/1/29,와우테일,"고객 상담 AI 에이전트 ’팀카이’, 시드 투자 유치",정명화,보도자료,스파크랩-팀카이 투자,
84,2026/1/29,디지털데일리,"스파크랩, 상담 AI 에이전트 운영사 '팀카이' 시드 투자",채성오,보도자료,스파크랩-팀카이 투자,
85,2026/1/29,머니투데이,"AI 에이전트' 팀카이, 스파크랩·뮤렉스파트너스서 시드투자 유치",송정현,보도자료,스파크랩-팀카이 투자,
86,2026/1/29,유니콘팩토리,"AI 에이전트' 팀카이, 스파크랩·뮤렉스파트너스서 시드투자 유치",송정현,보도자료,스파크랩-팀카이 투자,
87,2026/1/29,K스타트업밸리,"시드 투자 유치한 팀카이, 업무 완결율 60%로 고객 상담 아웃소싱의 판도를 바꾸다",Jimmy Park,보도자료,스파크랩-팀카이 투자,
88,2026/1/29,지디넷코리아,"스파크랩, 고객 상담 AI 에이전트 공급·운영사 ‘팀카이’에 시드 투자",백봉삼,보도자료,스파크랩-팀카이 투자,
89,2026/1/29,AI타임스,"팀카이, ‘AI 고객 상담 에이전트’ 기술로 시드 투자유치",장세민,보도자료,스파크랩-팀카이 투자,
90,2026/1/29,이데일리,"스파크랩, 고객 상담 AI 에이전트 기업 ‘팀카이’에 시드 투자",김현아,보도자료,스파크랩-팀카이 투자,
91,2026/1/29,디지털투데이,"스파크랩, 고객 상담 AI 에이전트 공급·운영사 ‘팀카이’에 시드 투자",황치규,보도자료,스파크랩-팀카이 투자,
92,2026/1/29,비석세스,"글로벌 액셀러레이터 ‘스파크랩’, 고객 상담 AI 에이전트 공급·운영사 ‘팀카이’에 시드 투자",NA,보도자료,스파크랩-팀카이 투자,
93,2026/1/29,헬로티,"스파크랩, 고객 상담 AI 에이전트 기업 팀카이에 시드 투자",김재황,보도자료,스파크랩-팀카이 투자,
94,2026/1/29,벤처스퀘어,"스파크랩, 고객 상담 AI 에이전트 기업 ‘팀카이’에 시드 투자",강진희,보도자료,스파크랩-팀카이 투자,
95,2026/1/29,매일경제,"스파크랩, 고객 상담 AI 에이전트 공급·운영사 ‘팀카이’에 시드 투자",이영욱,보도자료,스파크랩-팀카이 투자,
96,2026/1/29,뉴스웍스,[#IT라운지] 리멤버 '기업 채용 트렌드' 공개·팀카이 '투자유치'·피처링 '청년일자리 강소기업'·이발레샵 '젠투 도입'·클라썸 '대학 AX 지원'·웰로 '고향사랑기부 140억'·캐시워크 '신규 위젯' ·플로우 '흑자 전환',문병도,보도자료,스파크랩-팀카이 투자,
97,2026/1/29,플래텀,"스파크랩, 고객 상담 AI 에이전트 기업 팀카이에 시드 투자",김문선,보도자료,스파크랩-팀카이 투자,
98,2026/1/29,디스커버리뉴스,"스파크랩, 고객 상담 AI 에이전트 공급·운영사 ‘팀카이’에 시드 투자",정기환,보도자료,스파크랩-팀카이 투자,
99,2026/1/29,베타뉴스,"스파크랩, 고객 상담 AI 에이전트 공급운영사 팀카이에 시드 투자",이승희,보도자료,스파크랩-팀카이 투자,
100,2026/1/29,스타트업투데이,"스파크랩, 고객 상담 AI 에이전트 기업 팀카이에 시드 투자",최슬기,보도자료,스파크랩-팀카이 투자,
101,2026/1/28,IT동아,"[주간스타트업동향] 아크릴, 통합 AI 플랫폼 '조나단'과 로봇 시스템 연동 성공 外",김영우,보도자료(단신),스파크랩-피에로컴퍼니 투자,
102,2026/1/27,뉴스탭,"스파크랩, IT 기기 구독·재유통 운영사 피에로컴퍼니에 투자…글로벌 순환경제 시장 공략",NA,보도자료,스파크랩-피에로컴퍼니 투자,
103,2026/1/27,지디넷코리아,"[ZD SW 투데이] KTP, AI 기반 약국 전용 외국인 솔루션 '메디큐알' 출시 外",이나연,보도자료(단신),스파크랩-피에로컴퍼니 투자,
104,2026/1/27,아이뉴스24,"스파크랩, IT기기 구독·재유통 서비스 운영사 피에로컴퍼니에 투자",문영수,보도자료,스파크랩-피에로컴퍼니 투자,
105,2026/1/27,한스경제,"스파크랩, IT기기 구독·재유통 피에로컴퍼니에 투자",김종효,보도자료,스파크랩-피에로컴퍼니 투자,
106,2026/1/27,디지털투데이,"스파크랩, IT기기 구독·재유통 서비스 운영사 피에로컴퍼니에 투자",황치규,보도자료,스파크랩-피에로컴퍼니 투자,
107,2026/1/27,K스타트업밸리,"스파크랩 투자 이끌어낸 폰고·리고, 신흥국 재유통 인프라로 ‘글로벌 밸류 체인’ 완성",Jimmy Park,보도자료,스파크랩-피에로컴퍼니 투자,
108,2026/1/27,스타트업레시피,"[AI서머리] ‘피에로컴퍼니’ 투자 유치‧광주창경, 초기창업기업 R&D 연계 강화",이석원,보도자료(단신),스파크랩-피에로컴퍼니 투자,
109,2026/1/27,머니투데이,"피에로컴퍼니, 스파크랩·씨엔티테크 투자 유치 ""IT 자산 선순환 주도""",김건우,보도자료,스파크랩-피에로컴퍼니 투자,
110,2026/1/27,유니콘팩토리,"피에로컴퍼니, 스파크랩·씨엔티테크 투자 유치 ""IT 자산 선순환 주도""",김건우,보도자료,스파크랩-피에로컴퍼니 투자,
111,2026/1/27,비석세스,"글로벌 액셀러레이터 ‘스파크랩’, IT기기 구독·재유통 서비스 운영사 ‘피에로컴퍼니’에 투자",NA,보도자료,스파크랩-피에로컴퍼니 투자,
112,2026/1/27,중소기업신문,"스파크랩, IT기기 구독·재유통 서비스 '피에로컴퍼니' 투자",김혜준,보도자료,스파크랩-피에로컴퍼니 투자,
113,2026/1/27,스타트업투데이,"IT 기기 구독 및 재유통 서비스 운영사 ‘피에로컴퍼니’, 스파크랩 등으로부터 투자 유치",김지민,보도자료,스파크랩-피에로컴퍼니 투자,
114,2026/1/27,내외경제TV,"[UP! START] 피에로컴퍼니, 스파크랩 투자 유치로 '폰고' 고고싱",정동진,보도자료,스파크랩-피에로컴퍼니 투자,
115,2026/1/27,벤처스퀘어,"스파크랩, IT 기기 구독·재유통 기업 ‘피에로컴퍼니’에 투자",강진희,보도자료,스파크랩-피에로컴퍼니 투자,
116,2026/1/27,와우테일,"IT기기 구독·재유통 ‘피에로컴퍼니’, 스파크랩-씨엔티테크서 투자 유치",정명화,보도자료,스파크랩-피에로컴퍼니 투자,
117,2026/1/27,지디넷코리아,"스파크랩, 피에로컴퍼니에 투자...씨엔티테크도 참여",백봉삼,보도자료,스파크랩-피에로컴퍼니 투자,
118,2026/1/27,디스커버리뉴스,"스파크랩, IT기기 구독·재유통 서비스 운영사 피에로컴퍼니에 투자",정기환,보도자료,스파크랩-피에로컴퍼니 투자,
119,2026/1/27,디지털데일리,"글로벌 액셀러레이터가 점찍은 IT기기 매입·재유통사, 잠재력은?",채성오,보도자료,스파크랩-피에로컴퍼니 투자,
120,2026/1/27,매일경제,"스파크랩, IT기기 구독·재유통 서비스 운영사 피에로컴퍼니에 투자",이영욱,보도자료,스파크랩-피에로컴퍼니 투자,
121,2026/1/27,베타뉴스,"스파크랩, IT기기 구독 및 재유통 서비스 운영사 피에로컴퍼니에 투자",이승희,보도자료,스파크랩-피에로컴퍼니 투자,
122,2026/1/27,데이터넷,"스파크랩, IT기기 구독·재유통 서비스 운영사 ‘피에로컴퍼니’에 투자",강석오,보도자료,스파크랩-피에로컴퍼니 투자,
123,2026/1/27,플래텀,"IT 기기 구독·재유통 서비스 피에로컴퍼니, 스파크랩·씨엔티테크로부터 투자 유치",김문선,보도자료,스파크랩-피에로컴퍼니 투자,
124,2026/1/27,아시아경제,"스파크랩, IT기기 구독 서비스 운영사 피에로컴퍼니에 투자",김철현,보도자료,스파크랩-피에로컴퍼니 투자,
125,2026/1/27,뉴스웍스,[#IT라운지] 슈퍼워크 '이벤트'·피에로컴퍼니 '투자유치'·카카오 '초신작 공개'·BHSN '앨리비 에이전트 포 리걸'·마키나락스 '이머징AI+X 톱 100'·잡코 '청년취업 지원'·엠아이큐브 '무증',문병도,보도자료(단신),스파크랩-피에로컴퍼니 투자,
126,2026/1/27,한스경제,"배민, ‘2026 배민스타트업스퀘어 Ignition Day’ 개최",한지현,언급,배민스타트업스퀘어 운영/액셀러레이팅 파트너사로 스파크랩 언급,
127,2026/1/22,인공지능신문,"스포츠테크 스타트업 xCREW, 美서 AI 러닝 플랫폼 ‘페이스풀’ 공식 출시",최광민,언급,xCREW 투자사로 스파크랩 언급,
128,2026/1/22,IT타임스,"스파크랩파트너스, 포항에 임상전문특화병원 설립 본격화", YoungHa Kim,보도자료,스파크랩파트너스-임상병원 MOU,
129,2026/1/22,뉴스탭,"스파크랩파트너스, 포항에 임상전문병원 추진…바이오 클러스터 시동",이준문,보도자료,스파크랩파트너스-임상병원 MOU,
130,2026/1/22,헬로티,"스파크랩파트너스, 임상 중심 바이오 클러스터 구축 나선다",김재황,보도자료,스파크랩파트너스-임상병원 MOU,
131,2026/1/22,한스경제,"스파크랩파트너스, 임상전문특화병원 설립 본격화",김종효,보도자료,스파크랩파트너스-임상병원 MOU,
132,2026/1/22,더바이오,"스파크랩파트너스, 포항 지역 내 ‘임상전문특화병원’ 설립 본격화",강인효,보도자료,스파크랩파트너스-임상병원 MOU,
133,2026/1/22,스타트업레시피,"[AI서머리] SBVA, 지난해 1267억 투자‧충남창경, 2026 창업지원 본격 추진",이석원,보도자료(단신),스파크랩파트너스-임상병원 MOU,
134,2026/1/22,K스타트업밸리,"스파크랩파트너스, 포항에 ‘임상전문특화병원’ 설립… 바이오 클러스터 구축 가속",Jo Kim,보도자료,스파크랩파트너스-임상병원 MOU,
135,2026/1/22,벤처스퀘어,"스파크랩파트너스, 포항 임상전문특화병원 설립·바이오 클러스터 구축 추진",강진희,보도자료,스파크랩파트너스-임상병원 MOU,
136,2026/1/22,매일경제,"스파크랩파트너스, 포항에 임상전문특화병원 설립 속도낸다",이영욱,보도자료,스파크랩파트너스-임상병원 MOU,
137,2026/1/22,스타트업투데이,"스파크랩파트너스, 포항에 임상전문특화병원 추진∙∙∙바이오 클러스터 구축 본격화",한이서,보도자료,스파크랩파트너스-임상병원 MOU,
138,2026/1/22,비석세스,"벤처캐피탈 ‘스파크랩파트너스’, 임상전문특화병원 설립 본격화",NA,보도자료,스파크랩파트너스-임상병원 MOU,
139,2026/1/22,머니투데이,"""포항을 바이오 허브로""…스파크랩, 임상특화병원 설립 본격화",최태범,보도자료,스파크랩파트너스-임상병원 MOU,
140,2026/1/22,유니콘팩토리,"""포항을 바이오 허브로""…스파크랩, 임상특화병원 설립 본격화",최태범,보도자료,스파크랩파트너스-임상병원 MOU,
141,2026/1/22,프라임경제,"[카드] 스파크랩파트너스, 포항 임상전문병원 설립 추진",김우람,보도자료,스파크랩파트너스-임상병원 MOU,
142,2026/1/22,데이터넷,"스파크랩파트너스, 임상전문특화병원 설립 본격화",강석오,보도자료,스파크랩파트너스-임상병원 MOU,
143,2026/1/22,아이뉴스24,"스파크랩파트너스, 임상전문특화병원 설립 본격화",문영수,보도자료,스파크랩파트너스-임상병원 MOU,
144,2026/1/22,디스커버리뉴스,"스파크랩파트너스, 임상전문특화병원 설립 본격화",정기환,보도자료,스파크랩파트너스-임상병원 MOU,
145,2026/1/22,아시아경제,"스파크랩파트너스, 임상전문 특화병원 설립 본격화",김철현,보도자료,스파크랩파트너스-임상병원 MOU,
146,2026/1/22,디지털투데이,"스파크랩파트너스, 임상전문특화병원 설립 본격화",황치규,보도자료,스파크랩파트너스-임상병원 MOU,
147,2026/1/22,베타뉴스,"스파크랩파트너스, 임상전문특화병원 설립 본격화",이승희,보도자료,스파크랩파트너스-임상병원 MOU,
148,2026/1/21,머니투데이,큰물에서 큰놈 난다...시작부터 글로벌 공략 나선 K-연쇄창업가,김진현,언급,라스트스프링 투자사로 스파크랩 언급,
149,2026/1/12,한국경제TV,"매니패스트, 라스베이거스 CES 2026 전시 성료",NA,언급,매니패스트 투자사로 스파크랩 언급,
150,2026/1/9,더벨,"[2026 AC 로드맵]김유진 스파크랩 대표 “초기 투자 전업 전략 유지""",김호현,인터뷰,김유진 스파크랩 대표 인터뷰,